{"features":[{"type":"Feature","geometry":{"type":"Polygon","coordinates":[[[-122.50283,37.70813],[-122.50278,37.70813],[-122.50249,37.70813],[-122.4983,37.70813],[-122.49823,37.70813],[-122.49817,37.70813],[-122.49811,37.70813],[-122.49809,37.70813],[-122.49778,37.70813],[-122.49358,37.70823],[-122.48669,37.70823],[-122.48619,37.70823],[-122.48604,37.70823],[-122.4857,37.70823],[-122.48563,37.70823],[-122.48559,37.70823],[-122.48538,37.70823],[-122.48512,37.70828],[-122.48488,37.70833],[-122.48378,37.70833],[-122.48108,37.70823],[-122.47184,37.70833],[-122.47176,37.70833],[-122.47153,37.70833],[-122.47149,37.70833],[-122.4714,37.70832],[-122.47132,37.7083],[-122.47108,37.70826],[-122.471,37.70825],[-122.47088,37.70823],[-122.46924,37.70823],[-122.46923,37.70795],[-122.46891,37.70812],[-122.46884,37.70815],[-122.46868,37.70821],[-122.46864,37.70821],[-122.46882,37.70805],[-122.4693,37.70757],[-122.46985,37.70701],[-122.47008,37.70676],[-122.47023,37.70658],[-122.47037,37.7064],[-122.47056,37.70612],[-122.47068,37.70593],[-122.47071,37.70586],[-122.47078,37.70571],[-122.47086,37.70554],[-122.47089,37.70549],[-122.4709,37.70546],[-122.47092,37.70542],[-122.47101,37.70519],[-122.47102,37.70513],[-122.47103,37.7051],[-122.47105,37.70503],[-122.47108,37.70494],[-122.47111,37.70488],[-122.47112,37.70484],[-122.47114,37.70479],[-122.4712,37.70428],[-122.47121,37.70419],[-122.47124,37.70387],[-122.47125,37.70354],[-122.47126,37.70258],[-122.47126,37.70202],[-122.47146,37.70211],[-122.47176,37.70225],[-122.47175,37.7021],[-122.47175,37.70166],[-122.47174,37.70152],[-122.47174,37.70133],[-122.47174,37.70123],[-122.47171,37.70047],[-122.47171,37.70037],[-122.4717,37.70008],[-122.47169,37.69969],[-122.47167,37.69952],[-122.47166,37.69923],[-122.47166,37.69912],[-122.47167,37.69903],[-122.47163,37.69843],[-122.47159,37.69803],[-122.47151,37.69762],[-122.47142,37.69723],[-122.47129,37.69684],[-122.47119,37.69658],[-122.4711,37.6963],[-122.47088,37.69564],[-122.47081,37.69538],[-122.47078,37.69525],[-122.47075,37.69511],[-122.4707,37.69487],[-122.47066,37.69461],[-122.47063,37.69435],[-122.47063,37.6943],[-122.47062,37.69422],[-122.47062,37.69402],[-122.47062,37.69388],[-122.47062,37.69383],[-122.47061,37.69345],[-122.4706,37.69331],[-122.47057,37.6923],[-122.47057,37.69161],[-122.47058,37.69055],[-122.47057,37.69029],[-122.47058,37.69001],[-122.47061,37.68972],[-122.47064,37.68953],[-122.4707,37.68925],[-122.47072,37.68916],[-122.47075,37.68907],[-122.47078,37.68897],[-122.47101,37.68828],[-122.47113,37.68789],[-122.47121,37.68763],[-122.4713,37.68733],[-122.4714,37.68698],[-122.47147,37.68661],[-122.47151,37.6863],[-122.47154,37.686],[-122.47155,37.6857],[-122.47155,37.6856],[-122.47155,37.6854],[-122.47155,37.68524],[-122.47156,37.68501],[-122.47157,37.68479],[-122.47158,37.68463],[-122.47161,37.68415],[-122.47162,37.68394],[-122.47163,37.68389],[-122.47164,37.68374],[-122.47164,37.6837],[-122.47165,37.68359],[-122.47166,37.68326],[-122.47167,37.68316],[-122.47148,37.68295],[-122.47143,37.68289],[-122.47105,37.68249],[-122.47089,37.68232],[-122.47069,37.68211],[-122.47069,37.68189],[-122.47069,37.68124],[-122.47068,37.68102],[-122.47068,37.68067],[-122.47067,37.67961],[-122.47067,37.67926],[-122.47067,37.6792],[-122.47067,37.67911],[-122.47066,37.67902],[-122.47065,37.67896],[-122.47064,37.67887],[-122.47064,37.67884],[-122.4706,37.67863],[-122.47055,37.67849],[-122.47054,37.67844],[-122.47051,37.67838],[-122.4705,37.67835],[-122.47049,37.67831],[-122.47046,37.67826],[-122.47045,37.67822],[-122.4704,37.67813],[-122.4703,37.67795],[-122.47029,37.67793],[-122.47021,37.67783],[-122.46969,37.67714],[-122.46949,37.67688],[-122.46931,37.67665],[-122.46927,37.67659],[-122.46859,37.67576],[-122.46837,37.67548],[-122.46759,37.6745],[-122.46727,37.6741],[-122.46544,37.67187],[-122.4653,37.67172],[-122.46521,37.67162],[-122.46515,37.67157],[-122.46436,37.67084],[-122.46423,37.67072],[-122.4641,37.6706],[-122.46345,37.66998],[-122.46338,37.66992],[-122.46331,37.66987],[-122.46324,37.66982],[-122.46305,37.66965],[-122.46302,37.66962],[-122.46294,37.66955],[-122.46292,37.66953],[-122.46258,37.66923],[-122.46159,37.66833],[-122.46126,37.66803],[-122.4612,37.66799],[-122.46103,37.66783],[-122.46098,37.66778],[-122.46081,37.66763],[-122.46075,37.66758],[-122.46059,37.66745],[-122.46038,37.66728],[-122.46024,37.66718],[-122.46011,37.66693],[-122.46007,37.66684],[-122.46002,37.66672],[-122.45998,37.66665],[-122.46009,37.6666],[-122.46029,37.66651],[-122.46039,37.66639],[-122.46046,37.66629],[-122.46067,37.66611],[-122.46131,37.66554],[-122.46152,37.66536],[-122.46137,37.66521],[-122.46093,37.66478],[-122.46087,37.66472],[-122.46078,37.66464],[-122.46031,37.66414],[-122.46041,37.6641],[-122.46182,37.66358],[-122.46217,37.66274],[-122.46218,37.66271],[-122.46242,37.66285],[-122.46265,37.66246],[-122.46268,37.66243],[-122.46316,37.66254],[-122.46341,37.6626],[-122.46337,37.66232],[-122.46336,37.66221],[-122.46373,37.66234],[-122.46367,37.66191],[-122.4636,37.66143],[-122.46346,37.66147],[-122.46345,37.66118],[-122.46314,37.66107],[-122.46263,37.66046],[-122.46024,37.65874],[-122.45739,37.65681],[-122.4577,37.65628],[-122.45822,37.65573],[-122.45827,37.65568],[-122.45852,37.65544],[-122.4581,37.65553],[-122.45803,37.65555],[-122.45798,37.65555],[-122.45707,37.65563],[-122.45379,37.65592],[-122.45364,37.65565],[-122.45351,37.6554],[-122.45347,37.65533],[-122.45343,37.65527],[-122.45337,37.65521],[-122.45334,37.65519],[-122.4533,37.65516],[-122.45326,37.65514],[-122.45324,37.65511],[-122.45322,37.65509],[-122.45321,37.65507],[-122.45313,37.6549],[-122.453,37.65462],[-122.45295,37.65451],[-122.45293,37.65444],[-122.45291,37.65426],[-122.45287,37.65413],[-122.45264,37.6536],[-122.45218,37.65254],[-122.45137,37.65059],[-122.45096,37.64963],[-122.45095,37.64959],[-122.45084,37.64937],[-122.45076,37.64923],[-122.45062,37.64899],[-122.45051,37.64872],[-122.4505,37.64871],[-122.45039,37.64851],[-122.45129,37.64906],[-122.45178,37.64934],[-122.45239,37.64965],[-122.45243,37.64967],[-122.45253,37.64972],[-122.45256,37.64974],[-122.45338,37.65012],[-122.45478,37.65],[-122.45496,37.65013],[-122.4552,37.65029],[-122.45541,37.65042],[-122.45548,37.65046],[-122.45565,37.65055],[-122.45576,37.6504],[-122.45582,37.65035],[-122.45586,37.65032],[-122.45596,37.65025],[-122.45608,37.65019],[-122.45622,37.65012],[-122.4564,37.65006],[-122.45653,37.65003],[-122.45658,37.65002],[-122.45679,37.64999],[-122.45698,37.64996],[-122.45731,37.64992],[-122.45757,37.6499],[-122.45777,37.64988],[-122.45797,37.64987],[-122.45812,37.64986],[-122.45857,37.64984],[-122.4586,37.64983],[-122.4588,37.64983],[-122.45896,37.64983],[-122.459,37.64983],[-122.45919,37.64983],[-122.45931,37.64984],[-122.45958,37.64985],[-122.45978,37.64986],[-122.45997,37.64988],[-122.4603,37.6499],[-122.46056,37.64993],[-122.46076,37.64995],[-122.46094,37.64997],[-122.46148,37.65005],[-122.46166,37.65007],[-122.46192,37.6501],[-122.46226,37.65015],[-122.46244,37.65017],[-122.46269,37.65019],[-122.46295,37.65021],[-122.46313,37.65022],[-122.46329,37.65023],[-122.46364,37.65024],[-122.46368,37.65024],[-122.46386,37.65024],[-122.46402,37.65024],[-122.46461,37.65023],[-122.46595,37.65023],[-122.46619,37.65021],[-122.46642,37.65022],[-122.46666,37.65023],[-122.46685,37.65026],[-122.46695,37.65027],[-122.46718,37.65031],[-122.4674,37.65037],[-122.46758,37.65042],[-122.46777,37.65046],[-122.46787,37.65048],[-122.46792,37.65048],[-122.46816,37.6505],[-122.46839,37.6505],[-122.46858,37.65048],[-122.46876,37.65046],[-122.46901,37.6504],[-122.46906,37.65039],[-122.46925,37.65033],[-122.46944,37.65025],[-122.46951,37.65021],[-122.46959,37.65017],[-122.46973,37.65008],[-122.46986,37.64998],[-122.46988,37.64996],[-122.46999,37.64988],[-122.47017,37.64974],[-122.47034,37.64962],[-122.47053,37.64951],[-122.47075,37.64941],[-122.47076,37.64941],[-122.47092,37.64934],[-122.47113,37.64928],[-122.47121,37.64926],[-122.47134,37.64923],[-122.47152,37.64919],[-122.47173,37.64916],[-122.47186,37.64914],[-122.47174,37.64973],[-122.47152,37.65079],[-122.47134,37.65166],[-122.47131,37.65179],[-122.47128,37.65194],[-122.47127,37.65209],[-122.47125,37.65239],[-122.47126,37.65262],[-122.47129,37.6528],[-122.47131,37.65291],[-122.47134,37.65304],[-122.47153,37.65351],[-122.47168,37.6538],[-122.472,37.65434],[-122.47285,37.65576],[-122.47292,37.65588],[-122.47362,37.65701],[-122.47387,37.65745],[-122.47425,37.65807],[-122.47538,37.6598],[-122.47556,37.66008],[-122.47563,37.66022],[-122.47579,37.66051],[-122.47585,37.6606],[-122.47604,37.6609],[-122.47613,37.66105],[-122.47622,37.6612],[-122.47637,37.66142],[-122.47658,37.66171],[-122.47679,37.66198],[-122.47698,37.66219],[-122.47735,37.66247],[-122.47767,37.6627],[-122.47798,37.66293],[-122.47831,37.66316],[-122.47846,37.66327],[-122.47871,37.66346],[-122.47895,37.66365],[-122.47918,37.66386],[-122.47919,37.66387],[-122.4794,37.66406],[-122.48006,37.66472],[-122.48035,37.66501],[-122.48053,37.66519],[-122.48097,37.6656],[-122.48128,37.66587],[-122.4816,37.66613],[-122.48221,37.66646],[-122.48247,37.6666],[-122.48266,37.66669],[-122.4828,37.66674],[-122.483,37.66679],[-122.48322,37.66683],[-122.48337,37.66685],[-122.48356,37.66685],[-122.48379,37.66684],[-122.48401,37.66681],[-122.48421,37.6668],[-122.48424,37.66681],[-122.4844,37.66682],[-122.48457,37.66684],[-122.48473,37.66688],[-122.48486,37.66693],[-122.48493,37.66696],[-122.48498,37.66695],[-122.48501,37.66694],[-122.48507,37.66691],[-122.48511,37.66688],[-122.48515,37.66684],[-122.48515,37.66682],[-122.48516,37.66674],[-122.48517,37.66671],[-122.48517,37.66658],[-122.4852,37.6662],[-122.48521,37.66607],[-122.48522,37.66586],[-122.48532,37.66567],[-122.48528,37.66566],[-122.48524,37.66566],[-122.48524,37.66546],[-122.48524,37.6654],[-122.48523,37.6652],[-122.4852,37.665],[-122.48517,37.6648],[-122.48508,37.66448],[-122.48502,37.66429],[-122.48525,37.66429],[-122.48545,37.66429],[-122.48552,37.66429],[-122.48573,37.66431],[-122.4857,37.664],[-122.48569,37.66379],[-122.48553,37.66314],[-122.48557,37.66226],[-122.4856,37.66168],[-122.48563,37.66164],[-122.48571,37.66154],[-122.48574,37.6615],[-122.48624,37.6614],[-122.48773,37.66111],[-122.48822,37.66102],[-122.48891,37.66107],[-122.48982,37.66113],[-122.4908,37.66175],[-122.49139,37.66212],[-122.49146,37.66216],[-122.49169,37.66228],[-122.49176,37.66232],[-122.49197,37.66252],[-122.49257,37.66313],[-122.49277,37.66333],[-122.49296,37.66354],[-122.49306,37.66365],[-122.49331,37.66397],[-122.49347,37.66419],[-122.49364,37.66441],[-122.49374,37.66441],[-122.49393,37.6644],[-122.4948,37.66438],[-122.49509,37.66437],[-122.49515,37.66467],[-122.49521,37.66497],[-122.49525,37.66506],[-122.49545,37.66519],[-122.49549,37.66538],[-122.49552,37.66545],[-122.49555,37.66552],[-122.49566,37.66561],[-122.49575,37.66563],[-122.49587,37.66565],[-122.49594,37.66576],[-122.49607,37.66583],[-122.49617,37.66593],[-122.49616,37.66604],[-122.49606,37.66622],[-122.49606,37.66634],[-122.49611,37.66637],[-122.49635,37.66632],[-122.49638,37.66634],[-122.49637,37.66652],[-122.49633,37.66656],[-122.49622,37.66654],[-122.49613,37.66655],[-122.49608,37.6666],[-122.49603,37.6667],[-122.49598,37.66696],[-122.49596,37.66729],[-122.4958,37.66784],[-122.49572,37.66828],[-122.49573,37.66877],[-122.49578,37.66909],[-122.49576,37.6694],[-122.49567,37.67026],[-122.49569,37.67135],[-122.49563,37.67172],[-122.49563,37.67198],[-122.49565,37.67208],[-122.49582,37.67281],[-122.49581,37.67316],[-122.49573,37.67363],[-122.49572,37.67385],[-122.49568,37.6742],[-122.4957,37.67434],[-122.49577,37.67459],[-122.4958,37.67483],[-122.49586,37.67496],[-122.49589,37.67513],[-122.49595,37.67608],[-122.49595,37.67638],[-122.49597,37.67649],[-122.49597,37.67704],[-122.49607,37.67755],[-122.49609,37.67857],[-122.49611,37.6788],[-122.49609,37.67951],[-122.49613,37.67991],[-122.49632,37.68069],[-122.49635,37.68092],[-122.4963,37.68138],[-122.4963,37.68157],[-122.4964,37.68217],[-122.4965,37.68309],[-122.49661,37.68344],[-122.49678,37.68388],[-122.49684,37.68407],[-122.49686,37.68464],[-122.49691,37.68507],[-122.497,37.68538],[-122.49703,37.68565],[-122.49701,37.68591],[-122.49707,37.68648],[-122.49713,37.6867],[-122.49721,37.68686],[-122.49739,37.68713],[-122.49756,37.68751],[-122.49777,37.68849],[-122.49803,37.68951],[-122.49838,37.69069],[-122.4987,37.69161],[-122.49898,37.69282],[-122.49913,37.6936],[-122.49915,37.69368],[-122.49921,37.69395],[-122.49929,37.69452],[-122.4994,37.69495],[-122.49974,37.69603],[-122.49992,37.69696],[-122.50037,37.69846],[-122.5004,37.69889],[-122.50052,37.69936],[-122.50058,37.69956],[-122.50067,37.69997],[-122.50067,37.70038],[-122.50079,37.70084],[-122.50093,37.70137],[-122.50109,37.70192],[-122.50112,37.70206],[-122.50116,37.70219],[-122.50122,37.70232],[-122.50126,37.70239],[-122.50134,37.70264],[-122.50138,37.70283],[-122.50139,37.70323],[-122.50141,37.70335],[-122.50147,37.70355],[-122.50151,37.70363],[-122.50156,37.70381],[-122.50157,37.70397],[-122.50154,37.70408],[-122.50153,37.7042],[-122.50156,37.70427],[-122.50171,37.70445],[-122.50178,37.7046],[-122.50191,37.70501],[-122.50193,37.70509],[-122.50198,37.70521],[-122.502,37.7053],[-122.50209,37.70554],[-122.50218,37.70575],[-122.50223,37.70591],[-122.50223,37.70613],[-122.50227,37.70622],[-122.50239,37.70638],[-122.50243,37.70649],[-122.50245,37.70669],[-122.50245,37.70673],[-122.50253,37.70691],[-122.50275,37.70725],[-122.50278,37.7074],[-122.50277,37.70758],[-122.50274,37.70763],[-122.50274,37.70773],[-122.50278,37.70783],[-122.5028,37.70809],[-122.50283,37.70813]]]},"properties":{"zipCode":"94015"}},{"type":"Feature","geometry":{"type":"Polygon","coordinates":[[[-122.47176,37.70225],[-122.47146,37.70211],[-122.47126,37.70202],[-122.47126,37.70258],[-122.47125,37.70354],[-122.47124,37.70387],[-122.47121,37.70419],[-122.4712,37.70428],[-122.47114,37.70479],[-122.47112,37.70484],[-122.47111,37.70488],[-122.47108,37.70494],[-122.47105,37.70503],[-122.47103,37.7051],[-122.47102,37.70513],[-122.47101,37.70519],[-122.47092,37.70542],[-122.4709,37.70546],[-122.47089,37.70549],[-122.47086,37.70554],[-122.47078,37.70571],[-122.47071,37.70586],[-122.47068,37.70593],[-122.47056,37.70612],[-122.47037,37.7064],[-122.47023,37.70658],[-122.47008,37.70676],[-122.46985,37.70701],[-122.4693,37.70757],[-122.46882,37.70805],[-122.46864,37.70821],[-122.46868,37.70821],[-122.46884,37.70815],[-122.46891,37.70812],[-122.46923,37.70795],[-122.46924,37.70823],[-122.46906,37.70823],[-122.46894,37.70823],[-122.46892,37.70823],[-122.46888,37.70823],[-122.46861,37.70823],[-122.46845,37.70823],[-122.46788,37.70823],[-122.46718,37.70823],[-122.46698,37.70821],[-122.46695,37.70821],[-122.46679,37.70819],[-122.46663,37.70817],[-122.46628,37.70813],[-122.46576,37.70813],[-122.46538,37.70813],[-122.4649,37.70819],[-122.46467,37.70821],[-122.46448,37.70823],[-122.46445,37.70823],[-122.46408,37.70823],[-122.46404,37.70824],[-122.46358,37.70833],[-122.46278,37.70823],[-122.46274,37.70823],[-122.4626,37.70823],[-122.46228,37.70823],[-122.46205,37.70823],[-122.46138,37.70823],[-122.46128,37.70823],[-122.45989,37.70823],[-122.45905,37.70823],[-122.45851,37.70823],[-122.45792,37.70824],[-122.45718,37.70823],[-122.45575,37.70823],[-122.45436,37.70823],[-122.45434,37.70822],[-122.45398,37.70823],[-122.45381,37.70822],[-122.453,37.70818],[-122.45247,37.70815],[-122.4523,37.70814],[-122.45218,37.70813],[-122.45168,37.70815],[-122.45039,37.7082],[-122.45022,37.7082],[-122.45016,37.7082],[-122.44975,37.70821],[-122.44955,37.70822],[-122.44923,37.70822],[-122.44728,37.70823],[-122.44723,37.70825],[-122.44638,37.70823],[-122.44588,37.70823],[-122.44538,37.70823],[-122.44509,37.70827],[-122.44469,37.70831],[-122.44448,37.70833],[-122.44321,37.70828],[-122.44314,37.70826],[-122.44208,37.70823],[-122.44181,37.70826],[-122.44155,37.70828],[-122.44126,37.70831],[-122.44122,37.70832],[-122.44086,37.70833],[-122.44078,37.7083],[-122.44071,37.70828],[-122.44062,37.70825],[-122.44054,37.70823],[-122.4405,37.70828],[-122.44046,37.70834],[-122.43968,37.70833],[-122.4392,37.70828],[-122.43912,37.70827],[-122.43903,37.70826],[-122.4389,37.70825],[-122.43868,37.70823],[-122.43856,37.70823],[-122.43818,37.70823],[-122.43658,37.70823],[-122.4362,37.70823],[-122.43618,37.70823],[-122.43588,37.70823],[-122.43538,37.70813],[-122.4351,37.70813],[-122.43497,37.70813],[-122.43487,37.70813],[-122.43459,37.70813],[-122.43431,37.70813],[-122.43398,37.70813],[-122.43338,37.70823],[-122.43235,37.70823],[-122.43229,37.70823],[-122.43218,37.70823],[-122.43134,37.70823],[-122.43088,37.70823],[-122.43003,37.70828],[-122.42934,37.70832],[-122.42918,37.70833],[-122.42829,37.70841],[-122.42808,37.70843],[-122.42792,37.70842],[-122.42716,37.70839],[-122.42711,37.70839],[-122.42693,37.70838],[-122.42637,37.70835],[-122.42627,37.70835],[-122.42619,37.70834],[-122.42609,37.70834],[-122.42599,37.70833],[-122.42562,37.70832],[-122.42529,37.7083],[-122.42389,37.70824],[-122.42378,37.70823],[-122.42238,37.70823],[-122.42008,37.70823],[-122.4198,37.70823],[-122.41918,37.70823],[-122.41913,37.70824],[-122.41869,37.70828],[-122.4182,37.70833],[-122.41817,37.70833],[-122.41721,37.70833],[-122.41708,37.70833],[-122.41622,37.70833],[-122.41527,37.70824],[-122.41518,37.70823],[-122.41448,37.70823],[-122.41432,37.70823],[-122.41418,37.70823],[-122.414,37.70825],[-122.41374,37.70827],[-122.41348,37.7083],[-122.41338,37.70831],[-122.41328,37.70832],[-122.4129,37.70831],[-122.41252,37.7083],[-122.41238,37.7083],[-122.41144,37.70829],[-122.41037,37.70828],[-122.40887,37.70826],[-122.40737,37.70823],[-122.40728,37.70823],[-122.40718,37.70823],[-122.40648,37.70832],[-122.40558,37.70823],[-122.40549,37.70824],[-122.40545,37.70825],[-122.40537,37.70826],[-122.40529,37.70826],[-122.40554,37.70766],[-122.4063,37.70584],[-122.40655,37.70523],[-122.40661,37.7051],[-122.40677,37.70472],[-122.40683,37.7046],[-122.40686,37.70461],[-122.40693,37.70463],[-122.40696,37.70464],[-122.40738,37.70476],[-122.40863,37.70511],[-122.40905,37.70522],[-122.4093,37.70529],[-122.41006,37.7055],[-122.41031,37.70558],[-122.41054,37.7051],[-122.41122,37.70367],[-122.41145,37.70319],[-122.41148,37.70313],[-122.41159,37.70288],[-122.41199,37.70194],[-122.41212,37.70163],[-122.41213,37.70161],[-122.41215,37.70155],[-122.41216,37.70153],[-122.41198,37.70148],[-122.41183,37.70144],[-122.41174,37.70141],[-122.41145,37.7013],[-122.41128,37.70123],[-122.41141,37.70096],[-122.41149,37.70079],[-122.41169,37.70013],[-122.41178,37.69986],[-122.41185,37.69971],[-122.412,37.69941],[-122.41214,37.69948],[-122.41216,37.69949],[-122.41223,37.69937],[-122.41229,37.69925],[-122.41234,37.69916],[-122.4121,37.69912],[-122.41214,37.69907],[-122.4122,37.69895],[-122.41225,37.69887],[-122.41235,37.69868],[-122.41239,37.69861],[-122.41326,37.69867],[-122.41357,37.6987],[-122.41361,37.69862],[-122.41374,37.6984],[-122.41378,37.69833],[-122.41379,37.69831],[-122.41381,37.69826],[-122.41381,37.69824],[-122.41361,37.69814],[-122.413,37.69782],[-122.4128,37.69772],[-122.41304,37.69771],[-122.41319,37.69771],[-122.41373,37.69769],[-122.41377,37.69769],[-122.41396,37.69769],[-122.41402,37.6977],[-122.41401,37.69772],[-122.41399,37.69779],[-122.41399,37.69782],[-122.41422,37.69784],[-122.41451,37.69788],[-122.41472,37.69791],[-122.41493,37.69795],[-122.41505,37.69798],[-122.41818,37.69885],[-122.41922,37.69914],[-122.41958,37.69924],[-122.41959,37.69924],[-122.41979,37.69928],[-122.42004,37.69931],[-122.42034,37.69932],[-122.42065,37.69928],[-122.42072,37.69926],[-122.42083,37.69924],[-122.421,37.69919],[-122.42109,37.69915],[-122.42108,37.69913],[-122.42105,37.69909],[-122.42105,37.69907],[-122.4212,37.69901],[-122.42138,37.69893],[-122.42156,37.69882],[-122.42166,37.69875],[-122.42178,37.69865],[-122.4219,37.69853],[-122.42203,37.69838],[-122.42335,37.69662],[-122.42349,37.69643],[-122.42357,37.69634],[-122.42371,37.69621],[-122.42386,37.69608],[-122.42396,37.69603],[-122.42403,37.69598],[-122.42415,37.69592],[-122.42431,37.69585],[-122.42448,37.69579],[-122.42465,37.69574],[-122.42483,37.69571],[-122.425,37.69568],[-122.42515,37.69568],[-122.42533,37.69568],[-122.42551,37.69569],[-122.42569,37.69571],[-122.42586,37.69575],[-122.426,37.69579],[-122.42616,37.69585],[-122.42635,37.69593],[-122.42653,37.69603],[-122.42948,37.69811],[-122.42957,37.69817],[-122.42971,37.69824],[-122.42986,37.6983],[-122.43002,37.69834],[-122.43016,37.69837],[-122.4303,37.69838],[-122.43045,37.69839],[-122.43059,37.69838],[-122.43073,37.69835],[-122.43087,37.69832],[-122.43103,37.69827],[-122.43115,37.69821],[-122.43129,37.69813],[-122.43141,37.69804],[-122.43151,37.69793],[-122.43159,37.69784],[-122.43167,37.69772],[-122.43182,37.69737],[-122.43218,37.69655],[-122.43223,37.69646],[-122.43233,37.69632],[-122.43244,37.6962],[-122.43254,37.69611],[-122.43267,37.69601],[-122.43282,37.69593],[-122.43297,37.69586],[-122.43311,37.69581],[-122.43328,37.69576],[-122.43322,37.69564],[-122.43321,37.69558],[-122.43321,37.69552],[-122.43322,37.69545],[-122.43325,37.69539],[-122.43328,37.69535],[-122.43335,37.69529],[-122.43342,37.69525],[-122.43351,37.69522],[-122.43361,37.6952],[-122.43368,37.69521],[-122.43468,37.69528],[-122.4349,37.69528],[-122.43508,37.69527],[-122.4352,37.69524],[-122.4353,37.6952],[-122.43547,37.69512],[-122.43561,37.69507],[-122.4357,37.69505],[-122.43585,37.69503],[-122.43591,37.69502],[-122.43605,37.695],[-122.43618,37.69496],[-122.43632,37.6949],[-122.43645,37.69483],[-122.43656,37.69476],[-122.4372,37.69427],[-122.43731,37.69421],[-122.43743,37.69416],[-122.43754,37.69413],[-122.43767,37.69412],[-122.43779,37.69411],[-122.43793,37.69413],[-122.43804,37.69416],[-122.43879,37.69441],[-122.43897,37.69448],[-122.43914,37.69456],[-122.4393,37.69465],[-122.4395,37.69478],[-122.43962,37.69485],[-122.43975,37.69491],[-122.43987,37.69495],[-122.44001,37.69498],[-122.44014,37.69499],[-122.44039,37.69499],[-122.44055,37.695],[-122.44082,37.69505],[-122.44095,37.69505],[-122.44107,37.69505],[-122.44121,37.69503],[-122.44133,37.695],[-122.44146,37.69495],[-122.44156,37.69489],[-122.44166,37.69483],[-122.44173,37.69477],[-122.44181,37.69468],[-122.44189,37.69456],[-122.44194,37.69446],[-122.44196,37.69435],[-122.44197,37.69424],[-122.44196,37.69415],[-122.44194,37.69405],[-122.44192,37.69398],[-122.44186,37.69386],[-122.44179,37.69376],[-122.44172,37.69369],[-122.44161,37.69359],[-122.44149,37.69351],[-122.44136,37.69344],[-122.44125,37.69337],[-122.44117,37.6933],[-122.44109,37.69321],[-122.44102,37.69311],[-122.44096,37.69301],[-122.44091,37.69288],[-122.44086,37.69281],[-122.44079,37.69275],[-122.44058,37.69255],[-122.44054,37.69251],[-122.44052,37.69248],[-122.44047,37.6924],[-122.44045,37.69234],[-122.44042,37.6922],[-122.44041,37.69205],[-122.44042,37.69187],[-122.44041,37.69174],[-122.44039,37.6916],[-122.44034,37.69145],[-122.44028,37.69135],[-122.44022,37.69128],[-122.44012,37.69118],[-122.44005,37.69108],[-122.44001,37.69099],[-122.43999,37.69091],[-122.43997,37.6908],[-122.43997,37.69069],[-122.43999,37.6906],[-122.44003,37.69048],[-122.44009,37.69039],[-122.44014,37.69031],[-122.44018,37.69021],[-122.44021,37.69012],[-122.44025,37.6899],[-122.44027,37.68978],[-122.44027,37.68962],[-122.44027,37.68954],[-122.44028,37.68938],[-122.44028,37.68931],[-122.44029,37.68923],[-122.4403,37.68898],[-122.44029,37.68892],[-122.44026,37.68885],[-122.44023,37.68879],[-122.44017,37.68873],[-122.44009,37.68867],[-122.44001,37.68864],[-122.4399,37.68861],[-122.43979,37.6886],[-122.4397,37.6886],[-122.43962,37.68862],[-122.43953,37.68865],[-122.43947,37.68869],[-122.4394,37.68873],[-122.43935,37.68879],[-122.43931,37.68885],[-122.43928,37.68891],[-122.43927,37.68897],[-122.43927,37.68906],[-122.43929,37.68915],[-122.43933,37.68935],[-122.43934,37.68945],[-122.43933,37.68956],[-122.43932,37.6896],[-122.43929,37.68966],[-122.43924,37.68976],[-122.43918,37.68984],[-122.43908,37.68993],[-122.4389,37.69004],[-122.43859,37.69025],[-122.4385,37.69028],[-122.43841,37.6903],[-122.43831,37.69031],[-122.4382,37.6903],[-122.4381,37.69028],[-122.438,37.69025],[-122.43794,37.69021],[-122.43779,37.6901],[-122.43768,37.69001],[-122.43749,37.68982],[-122.43739,37.6897],[-122.43731,37.68958],[-122.43727,37.68949],[-122.43722,37.68936],[-122.43718,37.68916],[-122.43714,37.68907],[-122.43709,37.68896],[-122.43703,37.68887],[-122.43691,37.68875],[-122.43676,37.68862],[-122.43659,37.68851],[-122.43645,37.68843],[-122.43629,37.68836],[-122.43613,37.6883],[-122.43596,37.68825],[-122.43583,37.68818],[-122.43571,37.6881],[-122.43562,37.68802],[-122.43558,37.68798],[-122.43539,37.68784],[-122.43518,37.6877],[-122.43504,37.68762],[-122.43499,37.68757],[-122.43496,37.68753],[-122.43495,37.68747],[-122.43494,37.68741],[-122.43495,37.68738],[-122.43496,37.68736],[-122.435,37.68725],[-122.43503,37.68711],[-122.43504,37.68698],[-122.43503,37.68687],[-122.435,37.68674],[-122.43496,37.68665],[-122.43492,37.68655],[-122.43491,37.68648],[-122.43491,37.68643],[-122.43498,37.68612],[-122.43498,37.68606],[-122.43497,37.68598],[-122.43494,37.68593],[-122.4348,37.68581],[-122.43437,37.68544],[-122.43427,37.68528],[-122.4342,37.68526],[-122.43399,37.68518],[-122.43392,37.68516],[-122.43369,37.6851],[-122.43303,37.68491],[-122.4328,37.68484],[-122.43279,37.68481],[-122.43272,37.68471],[-122.43262,37.68461],[-122.43246,37.68448],[-122.43231,37.68436],[-122.4322,37.68429],[-122.43211,37.68425],[-122.43202,37.68423],[-122.43193,37.68422],[-122.43184,37.68422],[-122.43176,37.68424],[-122.43167,37.68427],[-122.4316,37.6843],[-122.43154,37.68431],[-122.43147,37.68431],[-122.43141,37.68429],[-122.43136,37.68427],[-122.43131,37.68423],[-122.4312,37.68412],[-122.43116,37.6841],[-122.4311,37.68408],[-122.43099,37.68409],[-122.43093,37.68408],[-122.43079,37.68405],[-122.43059,37.68399],[-122.43062,37.68374],[-122.43071,37.68298],[-122.43074,37.68273],[-122.43047,37.68261],[-122.42965,37.68225],[-122.42938,37.68213],[-122.42959,37.68151],[-122.43021,37.67966],[-122.43041,37.67904],[-122.43069,37.67822],[-122.43151,37.67575],[-122.43178,37.67493],[-122.43205,37.67396],[-122.43223,37.67327],[-122.43252,37.67221],[-122.43255,37.6721],[-122.43261,37.67189],[-122.43268,37.67176],[-122.43302,37.67112],[-122.43348,37.67024],[-122.43379,37.6704],[-122.43397,37.67049],[-122.43419,37.67061],[-122.43455,37.6708],[-122.43482,37.67094],[-122.43552,37.67132],[-122.43592,37.67153],[-122.43597,37.67156],[-122.4361,37.67147],[-122.43622,37.67137],[-122.43665,37.67129],[-122.43686,37.67125],[-122.4374,37.67147],[-122.43744,37.67149],[-122.43753,37.67141],[-122.4385,37.67061],[-122.44316,37.66682],[-122.44471,37.66555],[-122.44482,37.66562],[-122.44513,37.66584],[-122.44514,37.66585],[-122.44577,37.66629],[-122.4458,37.66631],[-122.44746,37.66746],[-122.44764,37.6676],[-122.44825,37.66812],[-122.44903,37.66878],[-122.44921,37.66893],[-122.44973,37.66937],[-122.44991,37.66952],[-122.45005,37.66964],[-122.45046,37.66998],[-122.4506,37.6701],[-122.45085,37.67032],[-122.45163,37.67097],[-122.45189,37.67119],[-122.45197,37.67127],[-122.45223,37.67148],[-122.45232,37.67156],[-122.45261,37.6718],[-122.45347,37.67253],[-122.45376,37.67278],[-122.4538,37.67278],[-122.45388,37.67278],[-122.45396,37.67275],[-122.45405,37.67272],[-122.45401,37.67263],[-122.45394,37.67249],[-122.4539,37.67238],[-122.4539,37.67237],[-122.45388,37.67228],[-122.45382,37.67208],[-122.45379,37.67197],[-122.45374,37.67178],[-122.45371,37.67152],[-122.45367,37.67139],[-122.45362,37.67121],[-122.45357,37.67107],[-122.45356,37.67107],[-122.45346,37.67085],[-122.45342,37.67079],[-122.45463,37.67003],[-122.45828,37.66774],[-122.45949,37.66699],[-122.45959,37.66692],[-122.45989,37.66671],[-122.45998,37.66665],[-122.46002,37.66672],[-122.46007,37.66684],[-122.46011,37.66693],[-122.46024,37.66718],[-122.46038,37.66728],[-122.46059,37.66745],[-122.46075,37.66758],[-122.46081,37.66763],[-122.46098,37.66778],[-122.46103,37.66783],[-122.4612,37.66799],[-122.46126,37.66803],[-122.46159,37.66833],[-122.46258,37.66923],[-122.46292,37.66953],[-122.46294,37.66955],[-122.46302,37.66962],[-122.46305,37.66965],[-122.46324,37.66982],[-122.46331,37.66987],[-122.46338,37.66992],[-122.46345,37.66998],[-122.4641,37.6706],[-122.46423,37.67072],[-122.46436,37.67084],[-122.46515,37.67157],[-122.46521,37.67162],[-122.4653,37.67172],[-122.46544,37.67187],[-122.46727,37.6741],[-122.46759,37.6745],[-122.46837,37.67548],[-122.46859,37.67576],[-122.46927,37.67659],[-122.46931,37.67665],[-122.46949,37.67688],[-122.46969,37.67714],[-122.47021,37.67783],[-122.47029,37.67793],[-122.4703,37.67795],[-122.4704,37.67813],[-122.47045,37.67822],[-122.47046,37.67826],[-122.47049,37.67831],[-122.4705,37.67835],[-122.47051,37.67838],[-122.47054,37.67844],[-122.47055,37.67849],[-122.4706,37.67863],[-122.47064,37.67884],[-122.47064,37.67887],[-122.47065,37.67896],[-122.47066,37.67902],[-122.47067,37.67911],[-122.47067,37.6792],[-122.47067,37.67926],[-122.47067,37.67961],[-122.47068,37.68067],[-122.47068,37.68102],[-122.47069,37.68124],[-122.47069,37.68189],[-122.47069,37.68211],[-122.47089,37.68232],[-122.47105,37.68249],[-122.47143,37.68289],[-122.47148,37.68295],[-122.47167,37.68316],[-122.47166,37.68326],[-122.47165,37.68359],[-122.47164,37.6837],[-122.47164,37.68374],[-122.47163,37.68389],[-122.47162,37.68394],[-122.47161,37.68415],[-122.47158,37.68463],[-122.47157,37.68479],[-122.47156,37.68501],[-122.47155,37.68524],[-122.47155,37.6854],[-122.47155,37.6856],[-122.47155,37.6857],[-122.47154,37.686],[-122.47151,37.6863],[-122.47147,37.68661],[-122.4714,37.68698],[-122.4713,37.68733],[-122.47121,37.68763],[-122.47113,37.68789],[-122.47101,37.68828],[-122.47078,37.68897],[-122.47075,37.68907],[-122.47072,37.68916],[-122.4707,37.68925],[-122.47064,37.68953],[-122.47061,37.68972],[-122.47058,37.69001],[-122.47057,37.69029],[-122.47058,37.69055],[-122.47057,37.69161],[-122.47057,37.6923],[-122.4706,37.69331],[-122.47061,37.69345],[-122.47062,37.69383],[-122.47062,37.69388],[-122.47062,37.69402],[-122.47062,37.69422],[-122.47063,37.6943],[-122.47063,37.69435],[-122.47066,37.69461],[-122.4707,37.69487],[-122.47075,37.69511],[-122.47078,37.69525],[-122.47081,37.69538],[-122.47088,37.69564],[-122.4711,37.6963],[-122.47119,37.69658],[-122.47129,37.69684],[-122.47142,37.69723],[-122.47151,37.69762],[-122.47159,37.69803],[-122.47163,37.69843],[-122.47167,37.69903],[-122.47166,37.69912],[-122.47166,37.69923],[-122.47167,37.69952],[-122.47169,37.69969],[-122.4717,37.70008],[-122.47171,37.70037],[-122.47171,37.70047],[-122.47174,37.70123],[-122.47174,37.70133],[-122.47174,37.70152],[-122.47175,37.70166],[-122.47175,37.7021],[-122.47176,37.70225]]]},"properties":{"zipCode":"94014"}},{"type":"Feature","geometry":{"type":"Polygon","coordinates":[[[-122.44197,37.69424],[-122.44196,37.69435],[-122.44194,37.69446],[-122.44189,37.69456],[-122.44181,37.69468],[-122.44173,37.69477],[-122.44166,37.69483],[-122.44156,37.69489],[-122.44146,37.69495],[-122.44133,37.695],[-122.44121,37.69503],[-122.44107,37.69505],[-122.44095,37.69505],[-122.44082,37.69505],[-122.44055,37.695],[-122.44039,37.69499],[-122.44014,37.69499],[-122.44001,37.69498],[-122.43987,37.69495],[-122.43975,37.69491],[-122.43962,37.69485],[-122.4395,37.69478],[-122.4393,37.69465],[-122.43914,37.69456],[-122.43897,37.69448],[-122.43879,37.69441],[-122.43804,37.69416],[-122.43793,37.69413],[-122.43779,37.69411],[-122.43767,37.69412],[-122.43754,37.69413],[-122.43743,37.69416],[-122.43731,37.69421],[-122.4372,37.69427],[-122.43656,37.69476],[-122.43645,37.69483],[-122.43632,37.6949],[-122.43618,37.69496],[-122.43605,37.695],[-122.43591,37.69502],[-122.43585,37.69503],[-122.4357,37.69505],[-122.43561,37.69507],[-122.43547,37.69512],[-122.4353,37.6952],[-122.4352,37.69524],[-122.43508,37.69527],[-122.4349,37.69528],[-122.43468,37.69528],[-122.43368,37.69521],[-122.43361,37.6952],[-122.43351,37.69522],[-122.43342,37.69525],[-122.43335,37.69529],[-122.43328,37.69535],[-122.43325,37.69539],[-122.43322,37.69545],[-122.43321,37.69552],[-122.43321,37.69558],[-122.43322,37.69564],[-122.43328,37.69576],[-122.43311,37.69581],[-122.43297,37.69586],[-122.43282,37.69593],[-122.43267,37.69601],[-122.43254,37.69611],[-122.43244,37.6962],[-122.43233,37.69632],[-122.43223,37.69646],[-122.43218,37.69655],[-122.43182,37.69737],[-122.43167,37.69772],[-122.43159,37.69784],[-122.43151,37.69793],[-122.43141,37.69804],[-122.43129,37.69813],[-122.43115,37.69821],[-122.43103,37.69827],[-122.43087,37.69832],[-122.43073,37.69835],[-122.43059,37.69838],[-122.43045,37.69839],[-122.4303,37.69838],[-122.43016,37.69837],[-122.43002,37.69834],[-122.42986,37.6983],[-122.42971,37.69824],[-122.42957,37.69817],[-122.42948,37.69811],[-122.42653,37.69603],[-122.42635,37.69593],[-122.42616,37.69585],[-122.426,37.69579],[-122.42586,37.69575],[-122.42569,37.69571],[-122.42551,37.69569],[-122.42533,37.69568],[-122.42515,37.69568],[-122.425,37.69568],[-122.42483,37.69571],[-122.42465,37.69574],[-122.42448,37.69579],[-122.42431,37.69585],[-122.42415,37.69592],[-122.42403,37.69598],[-122.42396,37.69603],[-122.42386,37.69608],[-122.42371,37.69621],[-122.42357,37.69634],[-122.42349,37.69643],[-122.42335,37.69662],[-122.42203,37.69838],[-122.4219,37.69853],[-122.42178,37.69865],[-122.42166,37.69875],[-122.42156,37.69882],[-122.42138,37.69893],[-122.4212,37.69901],[-122.42105,37.69907],[-122.42105,37.69909],[-122.42108,37.69913],[-122.42109,37.69915],[-122.421,37.69919],[-122.42083,37.69924],[-122.42072,37.69926],[-122.42065,37.69928],[-122.42034,37.69932],[-122.42004,37.69931],[-122.41979,37.69928],[-122.41959,37.69924],[-122.41958,37.69924],[-122.41922,37.69914],[-122.41818,37.69885],[-122.41505,37.69798],[-122.41493,37.69795],[-122.41472,37.69791],[-122.41451,37.69788],[-122.41422,37.69784],[-122.41399,37.69782],[-122.41399,37.69779],[-122.41401,37.69772],[-122.41402,37.6977],[-122.41396,37.69769],[-122.41377,37.69769],[-122.41373,37.69769],[-122.41319,37.69771],[-122.41304,37.69771],[-122.4128,37.69772],[-122.413,37.69782],[-122.41361,37.69814],[-122.41381,37.69824],[-122.41381,37.69826],[-122.41379,37.69831],[-122.41378,37.69833],[-122.41374,37.6984],[-122.41361,37.69862],[-122.41357,37.6987],[-122.41326,37.69867],[-122.41239,37.69861],[-122.41235,37.69868],[-122.41225,37.69887],[-122.4122,37.69895],[-122.41214,37.69907],[-122.4121,37.69912],[-122.41234,37.69916],[-122.41229,37.69925],[-122.41223,37.69937],[-122.41216,37.69949],[-122.41214,37.69948],[-122.412,37.69941],[-122.41185,37.69971],[-122.41178,37.69986],[-122.41169,37.70013],[-122.41149,37.70079],[-122.41141,37.70096],[-122.41128,37.70123],[-122.41145,37.7013],[-122.41174,37.70141],[-122.41183,37.70144],[-122.41198,37.70148],[-122.41216,37.70153],[-122.41215,37.70155],[-122.41213,37.70161],[-122.41212,37.70163],[-122.41199,37.70194],[-122.41159,37.70288],[-122.41148,37.70313],[-122.41145,37.70319],[-122.41122,37.70367],[-122.41054,37.7051],[-122.41031,37.70558],[-122.41006,37.7055],[-122.4093,37.70529],[-122.40905,37.70522],[-122.40863,37.70511],[-122.40738,37.70476],[-122.40696,37.70464],[-122.40693,37.70463],[-122.40686,37.70461],[-122.40683,37.7046],[-122.40677,37.70472],[-122.40661,37.7051],[-122.40655,37.70523],[-122.4063,37.70584],[-122.40554,37.70766],[-122.40529,37.70826],[-122.40528,37.70826],[-122.40523,37.70827],[-122.40468,37.70833],[-122.40328,37.70833],[-122.40298,37.70833],[-122.40268,37.70833],[-122.40238,37.70833],[-122.40198,37.70823],[-122.40177,37.70827],[-122.40159,37.70831],[-122.40148,37.70833],[-122.40133,37.70833],[-122.40131,37.70833],[-122.40098,37.70833],[-122.40028,37.70833],[-122.39618,37.70833],[-122.39578,37.70833],[-122.39528,37.70834],[-122.39511,37.70834],[-122.39497,37.70833],[-122.39483,37.70832],[-122.3946,37.7083],[-122.39424,37.70828],[-122.39364,37.70824],[-122.39332,37.70827],[-122.39323,37.70828],[-122.39388,37.70778],[-122.39398,37.70769],[-122.3941,37.7075],[-122.39412,37.7072],[-122.39412,37.70702],[-122.39403,37.70695],[-122.39394,37.70686],[-122.39394,37.70683],[-122.39387,37.70673],[-122.39384,37.70656],[-122.39368,37.70629],[-122.39354,37.70614],[-122.39339,37.70607],[-122.39322,37.70605],[-122.39319,37.70608],[-122.39313,37.70626],[-122.39307,37.7063],[-122.39295,37.70632],[-122.39271,37.7062],[-122.39252,37.70604],[-122.39244,37.70591],[-122.39241,37.7059],[-122.39239,37.70582],[-122.39238,37.70563],[-122.39234,37.70546],[-122.39223,37.705],[-122.39224,37.70469],[-122.39264,37.70365],[-122.39289,37.70328],[-122.39298,37.70306],[-122.39306,37.70263],[-122.39306,37.7023],[-122.393,37.70204],[-122.39296,37.70156],[-122.39289,37.70131],[-122.39279,37.70115],[-122.39272,37.701],[-122.39269,37.70097],[-122.39252,37.70044],[-122.39247,37.70007],[-122.39242,37.7],[-122.39227,37.69987],[-122.39212,37.69969],[-122.39208,37.69958],[-122.39212,37.69826],[-122.39209,37.69809],[-122.39209,37.698],[-122.39206,37.69798],[-122.39198,37.69771],[-122.39195,37.6974],[-122.39186,37.69714],[-122.39177,37.69666],[-122.3915,37.69569],[-122.39141,37.69523],[-122.39137,37.69463],[-122.39117,37.6941],[-122.39112,37.69392],[-122.3911,37.69341],[-122.39097,37.69268],[-122.39083,37.69231],[-122.3908,37.69213],[-122.39079,37.69209],[-122.39071,37.69186],[-122.39068,37.6913],[-122.39037,37.69081],[-122.39035,37.69002],[-122.39006,37.68884],[-122.39003,37.68864],[-122.38991,37.68835],[-122.38986,37.68819],[-122.38988,37.68793],[-122.38984,37.68774],[-122.3898,37.68767],[-122.38974,37.68756],[-122.38959,37.68739],[-122.38969,37.68723],[-122.38975,37.68716],[-122.38968,37.68706],[-122.38958,37.68704],[-122.3896,37.68695],[-122.38952,37.68695],[-122.38949,37.68691],[-122.38948,37.68683],[-122.3895,37.68669],[-122.38953,37.68653],[-122.38942,37.68575],[-122.38923,37.68513],[-122.38915,37.68464],[-122.3889,37.68401],[-122.38891,37.68369],[-122.38888,37.68355],[-122.38881,37.68314],[-122.38855,37.68225],[-122.38842,37.68152],[-122.38825,37.68083],[-122.38814,37.68036],[-122.3881,37.68018],[-122.38806,37.67999],[-122.38805,37.67989],[-122.38801,37.6798],[-122.38799,37.67961],[-122.38787,37.67862],[-122.38774,37.67839],[-122.38758,37.67833],[-122.38746,37.67827],[-122.38714,37.67805],[-122.38708,37.67799],[-122.38709,37.67782],[-122.38699,37.67766],[-122.38682,37.67753],[-122.38672,37.67746],[-122.38659,37.67741],[-122.38635,37.67738],[-122.386,37.67739],[-122.38124,37.67742],[-122.38107,37.67733],[-122.38101,37.67722],[-122.38101,37.67622],[-122.38105,37.67188],[-122.38119,37.67177],[-122.38241,37.67178],[-122.38609,37.67179],[-122.38706,37.6718],[-122.38731,37.67177],[-122.38791,37.67179],[-122.38822,37.67178],[-122.38848,37.67164],[-122.38884,37.67144],[-122.39072,37.6704],[-122.39123,37.67011],[-122.39134,37.67005],[-122.39157,37.67002],[-122.39226,37.66995],[-122.39234,37.66994],[-122.39237,37.66994],[-122.39235,37.67006],[-122.39235,37.6701],[-122.39236,37.67012],[-122.39238,37.67037],[-122.39241,37.67061],[-122.39241,37.67082],[-122.39239,37.67103],[-122.39224,37.67126],[-122.39474,37.67135],[-122.39768,37.67145],[-122.39769,37.67202],[-122.39773,37.6741],[-122.39774,37.67428],[-122.39778,37.67428],[-122.39862,37.6743],[-122.39949,37.67431],[-122.39966,37.67431],[-122.39978,37.6742],[-122.39991,37.67402],[-122.4,37.6739],[-122.40021,37.67364],[-122.40024,37.67361],[-122.40031,37.67359],[-122.40067,37.67353],[-122.40079,37.67351],[-122.40123,37.67346],[-122.40177,37.67339],[-122.40219,37.67334],[-122.40255,37.67328],[-122.40267,37.67326],[-122.40282,37.67326],[-122.40294,37.67328],[-122.40308,37.67331],[-122.4032,37.67336],[-122.4033,37.67342],[-122.40337,37.67347],[-122.40347,37.67356],[-122.40374,37.67381],[-122.40382,37.67386],[-122.40399,37.67392],[-122.40411,37.67399],[-122.40422,37.67405],[-122.40427,37.67409],[-122.40434,37.67414],[-122.40447,37.67421],[-122.40462,37.67428],[-122.40475,37.67432],[-122.4049,37.67435],[-122.40507,37.67437],[-122.4056,37.67443],[-122.40598,37.67449],[-122.40628,37.67454],[-122.40657,37.67462],[-122.40677,37.67469],[-122.4069,37.67472],[-122.40705,37.67474],[-122.40718,37.67475],[-122.40745,37.67474],[-122.40759,37.67475],[-122.4076,37.67475],[-122.40776,37.67477],[-122.40791,37.67481],[-122.40805,37.67487],[-122.40819,37.67494],[-122.40837,37.67506],[-122.40852,37.67516],[-122.40887,37.6754],[-122.40915,37.67554],[-122.40937,37.67567],[-122.40965,37.67584],[-122.40973,37.67588],[-122.40983,37.67591],[-122.40992,37.67593],[-122.41005,37.67596],[-122.41017,37.67599],[-122.41027,37.67604],[-122.41039,37.67611],[-122.41047,37.67617],[-122.41057,37.67626],[-122.41064,37.67633],[-122.41073,37.67639],[-122.41082,37.67643],[-122.41094,37.67647],[-122.41107,37.6765],[-122.41126,37.67651],[-122.41135,37.67652],[-122.41151,37.67657],[-122.41162,37.67659],[-122.41175,37.67659],[-122.41192,37.6766],[-122.41201,37.67662],[-122.41209,37.67665],[-122.4124,37.67686],[-122.4125,37.67691],[-122.41257,37.67694],[-122.41267,37.67695],[-122.41277,37.67696],[-122.41305,37.67692],[-122.41344,37.67685],[-122.41352,37.67684],[-122.41361,37.67685],[-122.4137,37.67687],[-122.41377,37.6769],[-122.41393,37.67701],[-122.41441,37.67734],[-122.41455,37.67744],[-122.41473,37.67754],[-122.41485,37.67761],[-122.41493,37.67765],[-122.41501,37.67767],[-122.41509,37.67767],[-122.41523,37.67766],[-122.41537,37.67763],[-122.4155,37.6776],[-122.41557,37.6776],[-122.41564,37.67761],[-122.41571,37.67763],[-122.41584,37.67769],[-122.41591,37.67773],[-122.41595,37.67775],[-122.41606,37.67781],[-122.41668,37.67806],[-122.41685,37.67811],[-122.41702,37.67815],[-122.41719,37.67817],[-122.41732,37.67818],[-122.41747,37.67817],[-122.41762,37.67816],[-122.41776,37.67813],[-122.41792,37.67808],[-122.41804,37.67806],[-122.41817,37.67804],[-122.41829,37.67805],[-122.4187,37.67813],[-122.41877,37.67815],[-122.41891,37.67815],[-122.41904,37.67815],[-122.41918,37.67813],[-122.41932,37.67809],[-122.4194,37.67807],[-122.4195,37.67806],[-122.41985,37.67809],[-122.42011,37.67815],[-122.42032,37.67824],[-122.42061,37.67832],[-122.42074,37.67835],[-122.42085,37.67835],[-122.42096,37.67835],[-122.42122,37.6783],[-122.42178,37.67817],[-122.42194,37.67814],[-122.42223,37.67808],[-122.42241,37.67803],[-122.42248,37.67802],[-122.42254,37.67803],[-122.42282,37.67812],[-122.42303,37.67822],[-122.42308,37.67827],[-122.42323,37.67844],[-122.42327,37.67847],[-122.42351,37.67856],[-122.42357,37.67859],[-122.42374,37.67877],[-122.42397,37.67895],[-122.42398,37.67897],[-122.424,37.679],[-122.42401,37.67904],[-122.42405,37.67909],[-122.42416,37.67921],[-122.42421,37.67924],[-122.42427,37.67926],[-122.42433,37.67927],[-122.42455,37.67925],[-122.42463,37.67926],[-122.42472,37.67927],[-122.42474,37.67928],[-122.42496,37.6794],[-122.42511,37.67948],[-122.42526,37.67954],[-122.42529,37.67956],[-122.42533,37.67958],[-122.42537,37.67962],[-122.4254,37.67969],[-122.42542,37.67976],[-122.42543,37.67999],[-122.42543,37.68004],[-122.42545,37.68009],[-122.42549,37.68014],[-122.42554,37.68018],[-122.4256,37.6802],[-122.42571,37.68023],[-122.42583,37.68024],[-122.42609,37.68025],[-122.42635,37.68026],[-122.42646,37.68027],[-122.42654,37.6803],[-122.42662,37.68033],[-122.42669,37.68038],[-122.4268,37.68048],[-122.42693,37.68062],[-122.42698,37.68069],[-122.42704,37.68083],[-122.42706,37.68086],[-122.4271,37.68089],[-122.42716,37.68091],[-122.42748,37.68093],[-122.42764,37.68096],[-122.42777,37.681],[-122.42791,37.68106],[-122.42804,37.68114],[-122.42815,37.68124],[-122.4282,37.68129],[-122.42824,37.68136],[-122.42827,37.68151],[-122.42829,37.68157],[-122.42836,37.68167],[-122.42841,37.68179],[-122.42842,37.68181],[-122.42846,37.6819],[-122.42852,37.68201],[-122.42856,37.68215],[-122.42858,37.68227],[-122.4286,37.68236],[-122.42865,37.68246],[-122.42872,37.68256],[-122.42917,37.68297],[-122.42921,37.6828],[-122.42934,37.6823],[-122.42938,37.68213],[-122.42965,37.68225],[-122.43047,37.68261],[-122.43074,37.68273],[-122.43071,37.68298],[-122.43062,37.68374],[-122.43059,37.68399],[-122.43079,37.68405],[-122.43093,37.68408],[-122.43099,37.68409],[-122.4311,37.68408],[-122.43116,37.6841],[-122.4312,37.68412],[-122.43131,37.68423],[-122.43136,37.68427],[-122.43141,37.68429],[-122.43147,37.68431],[-122.43154,37.68431],[-122.4316,37.6843],[-122.43167,37.68427],[-122.43176,37.68424],[-122.43184,37.68422],[-122.43193,37.68422],[-122.43202,37.68423],[-122.43211,37.68425],[-122.4322,37.68429],[-122.43231,37.68436],[-122.43246,37.68448],[-122.43262,37.68461],[-122.43272,37.68471],[-122.43279,37.68481],[-122.4328,37.68484],[-122.43303,37.68491],[-122.43369,37.6851],[-122.43392,37.68516],[-122.43399,37.68518],[-122.4342,37.68526],[-122.43427,37.68528],[-122.43437,37.68544],[-122.4348,37.68581],[-122.43494,37.68593],[-122.43497,37.68598],[-122.43498,37.68606],[-122.43498,37.68612],[-122.43491,37.68643],[-122.43491,37.68648],[-122.43492,37.68655],[-122.43496,37.68665],[-122.435,37.68674],[-122.43503,37.68687],[-122.43504,37.68698],[-122.43503,37.68711],[-122.435,37.68725],[-122.43496,37.68736],[-122.43495,37.68738],[-122.43494,37.68741],[-122.43495,37.68747],[-122.43496,37.68753],[-122.43499,37.68757],[-122.43504,37.68762],[-122.43518,37.6877],[-122.43539,37.68784],[-122.43558,37.68798],[-122.43562,37.68802],[-122.43571,37.6881],[-122.43583,37.68818],[-122.43596,37.68825],[-122.43613,37.6883],[-122.43629,37.68836],[-122.43645,37.68843],[-122.43659,37.68851],[-122.43676,37.68862],[-122.43691,37.68875],[-122.43703,37.68887],[-122.43709,37.68896],[-122.43714,37.68907],[-122.43718,37.68916],[-122.43722,37.68936],[-122.43727,37.68949],[-122.43731,37.68958],[-122.43739,37.6897],[-122.43749,37.68982],[-122.43768,37.69001],[-122.43779,37.6901],[-122.43794,37.69021],[-122.438,37.69025],[-122.4381,37.69028],[-122.4382,37.6903],[-122.43831,37.69031],[-122.43841,37.6903],[-122.4385,37.69028],[-122.43859,37.69025],[-122.4389,37.69004],[-122.43908,37.68993],[-122.43918,37.68984],[-122.43924,37.68976],[-122.43929,37.68966],[-122.43932,37.6896],[-122.43933,37.68956],[-122.43934,37.68945],[-122.43933,37.68935],[-122.43929,37.68915],[-122.43927,37.68906],[-122.43927,37.68897],[-122.43928,37.68891],[-122.43931,37.68885],[-122.43935,37.68879],[-122.4394,37.68873],[-122.43947,37.68869],[-122.43953,37.68865],[-122.43962,37.68862],[-122.4397,37.6886],[-122.43979,37.6886],[-122.4399,37.68861],[-122.44001,37.68864],[-122.44009,37.68867],[-122.44017,37.68873],[-122.44023,37.68879],[-122.44026,37.68885],[-122.44029,37.68892],[-122.4403,37.68898],[-122.44029,37.68923],[-122.44028,37.68931],[-122.44028,37.68938],[-122.44027,37.68954],[-122.44027,37.68962],[-122.44027,37.68978],[-122.44025,37.6899],[-122.44021,37.69012],[-122.44018,37.69021],[-122.44014,37.69031],[-122.44009,37.69039],[-122.44003,37.69048],[-122.43999,37.6906],[-122.43997,37.69069],[-122.43997,37.6908],[-122.43999,37.69091],[-122.44001,37.69099],[-122.44005,37.69108],[-122.44012,37.69118],[-122.44022,37.69128],[-122.44028,37.69135],[-122.44034,37.69145],[-122.44039,37.6916],[-122.44041,37.69174],[-122.44042,37.69187],[-122.44041,37.69205],[-122.44042,37.6922],[-122.44045,37.69234],[-122.44047,37.6924],[-122.44052,37.69248],[-122.44054,37.69251],[-122.44058,37.69255],[-122.44079,37.69275],[-122.44086,37.69281],[-122.44091,37.69288],[-122.44096,37.69301],[-122.44102,37.69311],[-122.44109,37.69321],[-122.44117,37.6933],[-122.44125,37.69337],[-122.44136,37.69344],[-122.44149,37.69351],[-122.44161,37.69359],[-122.44172,37.69369],[-122.44179,37.69376],[-122.44186,37.69386],[-122.44192,37.69398],[-122.44194,37.69405],[-122.44196,37.69415],[-122.44197,37.69424]]]},"properties":{"zipCode":"94005"}},{"type":"Feature","geometry":{"type":"Polygon","coordinates":[[[-122.46894,37.70823],[-122.46847,37.70868],[-122.46816,37.70894],[-122.46772,37.70928],[-122.46721,37.7096],[-122.46716,37.70963],[-122.46679,37.70983],[-122.4662,37.71007],[-122.46599,37.71015],[-122.46494,37.71044],[-122.46477,37.71048],[-122.46437,37.71053],[-122.46418,37.71055],[-122.46348,37.71056],[-122.46256,37.71057],[-122.46235,37.71057],[-122.46116,37.71058],[-122.46086,37.71059],[-122.46103,37.71067],[-122.46132,37.71079],[-122.4619,37.71097],[-122.46236,37.71117],[-122.46241,37.71119],[-122.46256,37.71125],[-122.46257,37.71137],[-122.46258,37.71227],[-122.46258,37.71252],[-122.46257,37.71315],[-122.46256,37.7139],[-122.46259,37.71403],[-122.4626,37.71431],[-122.46261,37.71488],[-122.46262,37.71562],[-122.46262,37.71614],[-122.46263,37.71657],[-122.46263,37.71742],[-122.46264,37.71794],[-122.46264,37.71821],[-122.46267,37.71992],[-122.46266,37.72],[-122.46268,37.72169],[-122.46239,37.72169],[-122.46237,37.72169],[-122.46234,37.72171],[-122.46227,37.72175],[-122.46227,37.72183],[-122.46227,37.72302],[-122.46227,37.72364],[-122.46228,37.72427],[-122.46228,37.72487],[-122.46226,37.72521],[-122.4622,37.72529],[-122.46279,37.72555],[-122.46269,37.72578],[-122.46258,37.72674],[-122.46255,37.727],[-122.46255,37.72713],[-122.46197,37.72747],[-122.46167,37.72749],[-122.46127,37.72761],[-122.46102,37.72764],[-122.46076,37.72761],[-122.46076,37.72801],[-122.46075,37.72812],[-122.46095,37.72861],[-122.46082,37.72868],[-122.46041,37.72874],[-122.46,37.72874],[-122.46002,37.7292],[-122.45998,37.72952],[-122.45993,37.72971],[-122.45988,37.72988],[-122.45978,37.73011],[-122.45956,37.73037],[-122.45935,37.73052],[-122.45919,37.7306],[-122.45925,37.73078],[-122.45889,37.73076],[-122.45869,37.73075],[-122.45847,37.73075],[-122.45822,37.73078],[-122.4579,37.73075],[-122.45745,37.73069],[-122.45752,37.73078],[-122.45753,37.73088],[-122.45747,37.73095],[-122.45748,37.73105],[-122.45662,37.73123],[-122.45577,37.7314],[-122.45492,37.73149],[-122.45483,37.73152],[-122.45467,37.73154],[-122.45358,37.73156],[-122.45341,37.73157],[-122.45341,37.73153],[-122.45341,37.73149],[-122.45341,37.73145],[-122.45341,37.73114],[-122.45341,37.73067],[-122.45114,37.73068],[-122.44886,37.73069],[-122.44657,37.7307],[-122.4443,37.73071],[-122.44429,37.7299],[-122.44428,37.72909],[-122.44428,37.72826],[-122.44371,37.7283],[-122.44366,37.7283],[-122.44308,37.72863],[-122.44272,37.72879],[-122.44197,37.72914],[-122.4418,37.7292],[-122.44123,37.72942],[-122.44114,37.72946],[-122.44078,37.72961],[-122.44026,37.72982],[-122.4401,37.72988],[-122.43948,37.73011],[-122.43956,37.73019],[-122.43854,37.73057],[-122.43819,37.7307],[-122.43701,37.73112],[-122.43645,37.73133],[-122.43613,37.73147],[-122.43589,37.73158],[-122.4356,37.7316],[-122.4354,37.73162],[-122.43517,37.73165],[-122.43526,37.73151],[-122.43525,37.73151],[-122.43515,37.73149],[-122.43503,37.73154],[-122.43484,37.73172],[-122.43479,37.73177],[-122.43447,37.73197],[-122.43398,37.7322],[-122.43386,37.73217],[-122.4339,37.73224],[-122.43284,37.73275],[-122.43233,37.733],[-122.4323,37.73298],[-122.43223,37.73293],[-122.43212,37.733],[-122.43219,37.73304],[-122.43221,37.73305],[-122.4324,37.73316],[-122.43242,37.73318],[-122.43093,37.73387],[-122.4304,37.73412],[-122.4298,37.73441],[-122.4296,37.73452],[-122.42939,37.73464],[-122.42884,37.73493],[-122.42861,37.73506],[-122.42857,37.73508],[-122.42802,37.73544],[-122.42787,37.73554],[-122.42672,37.73637],[-122.42655,37.73627],[-122.42727,37.73575],[-122.42503,37.73557],[-122.42503,37.73543],[-122.4247,37.73537],[-122.42436,37.73509],[-122.42419,37.73498],[-122.42407,37.73486],[-122.42396,37.73467],[-122.42392,37.73455],[-122.42385,37.73456],[-122.42381,37.73456],[-122.42357,37.73456],[-122.42331,37.73452],[-122.42308,37.73445],[-122.42288,37.73437],[-122.42274,37.73449],[-122.42255,37.73462],[-122.42228,37.73478],[-122.42221,37.73486],[-122.42215,37.73496],[-122.42212,37.73515],[-122.42186,37.73514],[-122.42186,37.73465],[-122.42017,37.73303],[-122.41828,37.73303],[-122.4183,37.73289],[-122.41856,37.7329],[-122.41871,37.73289],[-122.41886,37.73282],[-122.41895,37.73268],[-122.41897,37.73221],[-122.41719,37.73217],[-122.41633,37.73216],[-122.41567,37.73221],[-122.41546,37.73216],[-122.41594,37.73207],[-122.41666,37.73201],[-122.41739,37.73205],[-122.41846,37.73206],[-122.41924,37.73206],[-122.41946,37.73206],[-122.42036,37.73201],[-122.42113,37.73189],[-122.42128,37.73187],[-122.4217,37.73181],[-122.42172,37.73161],[-122.42173,37.73144],[-122.42173,37.73135],[-122.42175,37.73109],[-122.42095,37.73131],[-122.42019,37.73146],[-122.42019,37.73097],[-122.42022,37.73051],[-122.42037,37.72962],[-122.42047,37.72946],[-122.42056,37.72939],[-122.42058,37.7293],[-122.42042,37.72928],[-122.42057,37.72901],[-122.42053,37.72893],[-122.42103,37.7289],[-122.4216,37.72888],[-122.42187,37.72886],[-122.42267,37.72882],[-122.42374,37.72876],[-122.42351,37.72821],[-122.42334,37.72779],[-122.42312,37.72728],[-122.42384,37.72634],[-122.42414,37.72594],[-122.42354,37.72566],[-122.42333,37.72514],[-122.42283,37.72394],[-122.42381,37.72369],[-122.42477,37.72217],[-122.42485,37.72205],[-122.42456,37.72165],[-122.42548,37.72023],[-122.42583,37.7193],[-122.42598,37.71911],[-122.42639,37.71856],[-122.42667,37.71708],[-122.4267,37.71705],[-122.42685,37.71665],[-122.42719,37.71575],[-122.42731,37.71507],[-122.42555,37.71452],[-122.42652,37.71181],[-122.42659,37.71161],[-122.42674,37.71123],[-122.42696,37.71131],[-122.42713,37.71139],[-122.42717,37.71129],[-122.42702,37.71122],[-122.4268,37.71114],[-122.42678,37.71113],[-122.42662,37.71107],[-122.42649,37.71102],[-122.42623,37.71093],[-122.4264,37.71061],[-122.42644,37.7106],[-122.42667,37.71017],[-122.4275,37.71062],[-122.4282,37.71093],[-122.42928,37.71141],[-122.42959,37.7115],[-122.42993,37.71157],[-122.43015,37.71087],[-122.42927,37.70962],[-122.4288,37.7094],[-122.42849,37.70932],[-122.4283,37.7092],[-122.42821,37.70902],[-122.42816,37.70893],[-122.42815,37.70866],[-122.42829,37.70841],[-122.42918,37.70833],[-122.42934,37.70832],[-122.43003,37.70828],[-122.43088,37.70823],[-122.43134,37.70823],[-122.43218,37.70823],[-122.43229,37.70823],[-122.43235,37.70823],[-122.43338,37.70823],[-122.43398,37.70813],[-122.43431,37.70813],[-122.43459,37.70813],[-122.43487,37.70813],[-122.43497,37.70813],[-122.4351,37.70813],[-122.43538,37.70813],[-122.43588,37.70823],[-122.43618,37.70823],[-122.4362,37.70823],[-122.43658,37.70823],[-122.43818,37.70823],[-122.43856,37.70823],[-122.43868,37.70823],[-122.4389,37.70825],[-122.43903,37.70826],[-122.43912,37.70827],[-122.4392,37.70828],[-122.43968,37.70833],[-122.44046,37.70834],[-122.4405,37.70828],[-122.44054,37.70823],[-122.44062,37.70825],[-122.44071,37.70828],[-122.44078,37.7083],[-122.44086,37.70833],[-122.44122,37.70832],[-122.44126,37.70831],[-122.44155,37.70828],[-122.44181,37.70826],[-122.44208,37.70823],[-122.44314,37.70826],[-122.44321,37.70828],[-122.44448,37.70833],[-122.44469,37.70831],[-122.44509,37.70827],[-122.44538,37.70823],[-122.44588,37.70823],[-122.44638,37.70823],[-122.44723,37.70825],[-122.44728,37.70823],[-122.44923,37.70822],[-122.44955,37.70822],[-122.44975,37.70821],[-122.45016,37.7082],[-122.45022,37.7082],[-122.45039,37.7082],[-122.45168,37.70815],[-122.45218,37.70813],[-122.4523,37.70814],[-122.45247,37.70815],[-122.453,37.70818],[-122.45381,37.70822],[-122.45398,37.70823],[-122.45434,37.70822],[-122.45436,37.70823],[-122.45575,37.70823],[-122.45718,37.70823],[-122.45792,37.70824],[-122.45851,37.70823],[-122.45905,37.70823],[-122.45989,37.70823],[-122.46128,37.70823],[-122.46138,37.70823],[-122.46205,37.70823],[-122.46228,37.70823],[-122.4626,37.70823],[-122.46274,37.70823],[-122.46278,37.70823],[-122.46358,37.70833],[-122.46404,37.70824],[-122.46408,37.70823],[-122.46445,37.70823],[-122.46448,37.70823],[-122.46467,37.70821],[-122.4649,37.70819],[-122.46538,37.70813],[-122.46576,37.70813],[-122.46628,37.70813],[-122.46663,37.70817],[-122.46679,37.70819],[-122.46695,37.70821],[-122.46698,37.70821],[-122.46718,37.70823],[-122.46788,37.70823],[-122.46845,37.70823],[-122.46861,37.70823],[-122.46888,37.70823],[-122.46892,37.70823],[-122.46894,37.70823]]]},"properties":{"zipCode":"94112"}},{"type":"Feature","geometry":{"type":"Polygon","coordinates":[[[-122.42655,37.73627],[-122.42672,37.73637],[-122.42666,37.73642],[-122.42617,37.73684],[-122.4256,37.73732],[-122.42529,37.73764],[-122.42508,37.73785],[-122.42495,37.73806],[-122.42472,37.73843],[-122.42449,37.73899],[-122.42428,37.73978],[-122.42427,37.73987],[-122.42426,37.73993],[-122.42414,37.74034],[-122.42405,37.74063],[-122.42404,37.74066],[-122.42394,37.74089],[-122.42406,37.74105],[-122.42416,37.74224],[-122.42424,37.74304],[-122.42431,37.74384],[-122.4244,37.74464],[-122.42454,37.74463],[-122.42456,37.74475],[-122.42461,37.74532],[-122.42462,37.74543],[-122.42447,37.74544],[-122.42454,37.74624],[-122.42463,37.74704],[-122.42478,37.74703],[-122.42478,37.74714],[-122.42484,37.74771],[-122.42485,37.74783],[-122.42486,37.74794],[-122.42492,37.74851],[-122.42493,37.74863],[-122.42478,37.74864],[-122.42487,37.74944],[-122.42493,37.75024],[-122.42502,37.75104],[-122.4251,37.75184],[-122.42524,37.75344],[-122.42538,37.75343],[-122.4254,37.75351],[-122.42546,37.75421],[-122.42553,37.75495],[-122.42553,37.75502],[-122.42538,37.75504],[-122.42553,37.75664],[-122.4256,37.75744],[-122.42569,37.75823],[-122.42575,37.75904],[-122.42584,37.75983],[-122.42598,37.76143],[-122.42607,37.76221],[-122.42623,37.76216],[-122.4263,37.76303],[-122.42717,37.76297],[-122.42724,37.7638],[-122.42652,37.76392],[-122.4264,37.76395],[-122.42625,37.76398],[-122.42629,37.76465],[-122.42457,37.76476],[-122.42415,37.76478],[-122.42406,37.76479],[-122.42311,37.76484],[-122.42285,37.76486],[-122.42263,37.76487],[-122.42189,37.76492],[-122.42152,37.76494],[-122.42138,37.76495],[-122.42124,37.76496],[-122.4209,37.76498],[-122.42058,37.765],[-122.42048,37.765],[-122.41967,37.76505],[-122.4187,37.76511],[-122.41858,37.76512],[-122.41749,37.76518],[-122.41639,37.76525],[-122.41531,37.76532],[-122.41472,37.76535],[-122.41311,37.76545],[-122.41242,37.76549],[-122.41146,37.76555],[-122.41049,37.76561],[-122.41036,37.76431],[-122.40939,37.76437],[-122.40842,37.76443],[-122.40742,37.76449],[-122.40643,37.76455],[-122.40546,37.76461],[-122.40509,37.76463],[-122.40506,37.76431],[-122.40511,37.76385],[-122.4052,37.76348],[-122.40526,37.76332],[-122.40532,37.76314],[-122.40538,37.76297],[-122.40565,37.76243],[-122.40593,37.76201],[-122.40602,37.76186],[-122.40615,37.76164],[-122.40628,37.76139],[-122.40648,37.76073],[-122.40649,37.76069],[-122.40649,37.76026],[-122.40639,37.7598],[-122.40626,37.75945],[-122.40624,37.75942],[-122.4061,37.7592],[-122.4059,37.75893],[-122.40555,37.75854],[-122.40505,37.75819],[-122.40484,37.75803],[-122.40444,37.75775],[-122.40417,37.75753],[-122.40377,37.75714],[-122.40369,37.75701],[-122.40354,37.7568],[-122.4034,37.75647],[-122.40331,37.75617],[-122.40325,37.75576],[-122.40313,37.75448],[-122.40301,37.7532],[-122.40298,37.75275],[-122.40301,37.75245],[-122.40317,37.75191],[-122.40323,37.75172],[-122.40326,37.75162],[-122.40336,37.75135],[-122.40338,37.75093],[-122.40331,37.75088],[-122.40351,37.75028],[-122.40374,37.74958],[-122.40378,37.74943],[-122.40431,37.74932],[-122.40478,37.74922],[-122.40481,37.74921],[-122.40481,37.74924],[-122.40489,37.74921],[-122.40503,37.74918],[-122.40509,37.74915],[-122.405,37.74908],[-122.40493,37.74902],[-122.40486,37.74897],[-122.4041,37.74842],[-122.40397,37.7483],[-122.40395,37.74826],[-122.40418,37.74751],[-122.40451,37.74653],[-122.40482,37.7454],[-122.40505,37.74488],[-122.40523,37.74448],[-122.40525,37.74445],[-122.40545,37.74449],[-122.40548,37.74443],[-122.40575,37.74403],[-122.40578,37.74399],[-122.40615,37.74354],[-122.40596,37.74345],[-122.40626,37.74307],[-122.40675,37.74251],[-122.40701,37.74216],[-122.40727,37.74174],[-122.40746,37.74141],[-122.40758,37.74103],[-122.40775,37.74058],[-122.40784,37.74015],[-122.4079,37.73967],[-122.40791,37.73962],[-122.40799,37.73921],[-122.40797,37.73862],[-122.4079,37.738],[-122.40789,37.73794],[-122.40785,37.73776],[-122.40799,37.73771],[-122.40813,37.73766],[-122.40822,37.73761],[-122.40822,37.73758],[-122.40821,37.7374],[-122.40823,37.73718],[-122.40825,37.73706],[-122.40834,37.73668],[-122.40836,37.73662],[-122.40847,37.73634],[-122.40849,37.73629],[-122.40858,37.73613],[-122.40866,37.736],[-122.40878,37.73582],[-122.40881,37.73577],[-122.40884,37.73575],[-122.40892,37.73565],[-122.40899,37.73557],[-122.40909,37.73545],[-122.40914,37.73537],[-122.40951,37.73504],[-122.4098,37.73483],[-122.40995,37.73472],[-122.41127,37.73399],[-122.41208,37.73357],[-122.41349,37.73286],[-122.41439,37.73242],[-122.41512,37.73223],[-122.41546,37.73216],[-122.41567,37.73221],[-122.41633,37.73216],[-122.41719,37.73217],[-122.41897,37.73221],[-122.41895,37.73268],[-122.41886,37.73282],[-122.41871,37.73289],[-122.41856,37.7329],[-122.4183,37.73289],[-122.41828,37.73303],[-122.42017,37.73303],[-122.42186,37.73465],[-122.42186,37.73514],[-122.42212,37.73515],[-122.42215,37.73496],[-122.42221,37.73486],[-122.42228,37.73478],[-122.42255,37.73462],[-122.42274,37.73449],[-122.42288,37.73437],[-122.42308,37.73445],[-122.42331,37.73452],[-122.42357,37.73456],[-122.42381,37.73456],[-122.42385,37.73456],[-122.42392,37.73455],[-122.42396,37.73467],[-122.42407,37.73486],[-122.42419,37.73498],[-122.42436,37.73509],[-122.4247,37.73537],[-122.42503,37.73543],[-122.42503,37.73557],[-122.42727,37.73575],[-122.42655,37.73627]]]},"properties":{"zipCode":"94110"}},{"type":"Feature","geometry":{"type":"Polygon","coordinates":[[[-122.51044,37.76406],[-122.5103,37.76407],[-122.5103,37.76406],[-122.51029,37.76404],[-122.51027,37.76394],[-122.50983,37.76397],[-122.50982,37.76373],[-122.50962,37.76213],[-122.50938,37.76027],[-122.50917,37.75849],[-122.50911,37.75841],[-122.5089,37.75655],[-122.50868,37.75469],[-122.50843,37.75283],[-122.50819,37.75097],[-122.50742,37.751],[-122.50635,37.75105],[-122.50528,37.75109],[-122.5042,37.75114],[-122.50313,37.75119],[-122.50206,37.75124],[-122.50099,37.75129],[-122.49991,37.75133],[-122.49884,37.75138],[-122.49777,37.75143],[-122.4967,37.75148],[-122.49563,37.75153],[-122.49517,37.75154],[-122.49503,37.75155],[-122.49456,37.75157],[-122.49349,37.75161],[-122.49242,37.75166],[-122.49135,37.75171],[-122.49027,37.75176],[-122.48919,37.75181],[-122.48814,37.75185],[-122.48705,37.7519],[-122.48599,37.75195],[-122.48492,37.752],[-122.48384,37.75204],[-122.48277,37.75209],[-122.4817,37.75214],[-122.48063,37.75219],[-122.47956,37.75224],[-122.47849,37.75228],[-122.47742,37.75233],[-122.47636,37.75238],[-122.47623,37.75238],[-122.47528,37.75242],[-122.47474,37.75245],[-122.47421,37.75247],[-122.47313,37.75252],[-122.47256,37.75255],[-122.47201,37.75257],[-122.47091,37.75262],[-122.47117,37.75336],[-122.47119,37.75349],[-122.47119,37.75361],[-122.47117,37.75373],[-122.47113,37.75388],[-122.47104,37.7541],[-122.47102,37.75422],[-122.47102,37.75427],[-122.47104,37.75447],[-122.47105,37.75452],[-122.47102,37.7548],[-122.47092,37.75477],[-122.47043,37.75475],[-122.47008,37.75471],[-122.47002,37.75469],[-122.47018,37.75405],[-122.47019,37.75395],[-122.47009,37.75395],[-122.46996,37.75392],[-122.46981,37.75387],[-122.46968,37.75379],[-122.46955,37.75368],[-122.46949,37.75359],[-122.4691,37.75292],[-122.46878,37.75305],[-122.46868,37.75312],[-122.46834,37.75324],[-122.46818,37.75296],[-122.46803,37.75279],[-122.46792,37.75274],[-122.4678,37.75272],[-122.46764,37.75276],[-122.4666,37.7528],[-122.46553,37.75285],[-122.46446,37.7529],[-122.46418,37.75291],[-122.46343,37.75303],[-122.46336,37.75304],[-122.46289,37.75264],[-122.46262,37.75242],[-122.46222,37.75207],[-122.46211,37.75197],[-122.4617,37.75168],[-122.46147,37.75152],[-122.46131,37.75135],[-122.461,37.75096],[-122.46049,37.74997],[-122.46035,37.74978],[-122.45964,37.74902],[-122.45958,37.74897],[-122.4595,37.74892],[-122.45885,37.74826],[-122.45866,37.74804],[-122.45864,37.74777],[-122.45871,37.74761],[-122.45902,37.74731],[-122.45917,37.74729],[-122.45924,37.74723],[-122.4593,37.74719],[-122.45935,37.74715],[-122.45939,37.74712],[-122.45914,37.74686],[-122.46085,37.7454],[-122.46118,37.74546],[-122.46125,37.74547],[-122.46138,37.74557],[-122.46341,37.74397],[-122.46369,37.74375],[-122.46474,37.74366],[-122.46581,37.74357],[-122.46604,37.74356],[-122.46686,37.74349],[-122.46775,37.74341],[-122.46856,37.7415],[-122.46867,37.74149],[-122.46903,37.74147],[-122.47011,37.74143],[-122.47123,37.74138],[-122.47109,37.73951],[-122.47096,37.73765],[-122.47092,37.73757],[-122.47087,37.73695],[-122.47081,37.73677],[-122.47068,37.73665],[-122.47061,37.73661],[-122.47065,37.73657],[-122.47117,37.73564],[-122.47149,37.73499],[-122.47157,37.73471],[-122.47176,37.73482],[-122.47233,37.73481],[-122.47263,37.7348],[-122.47323,37.73478],[-122.47405,37.73476],[-122.4742,37.73475],[-122.47504,37.73476],[-122.47502,37.73456],[-122.47517,37.73456],[-122.47519,37.73476],[-122.47522,37.73487],[-122.47533,37.73638],[-122.47539,37.73745],[-122.47637,37.73741],[-122.47744,37.73736],[-122.4785,37.73731],[-122.4796,37.73727],[-122.48066,37.73722],[-122.48173,37.73717],[-122.48201,37.73735],[-122.48238,37.73746],[-122.48283,37.73747],[-122.48324,37.73746],[-122.48397,37.73739],[-122.4843,37.73719],[-122.48495,37.73712],[-122.48506,37.73708],[-122.4854,37.73689],[-122.48577,37.73676],[-122.48624,37.73676],[-122.48687,37.73689],[-122.48747,37.73696],[-122.48788,37.73697],[-122.48826,37.73698],[-122.48852,37.737],[-122.48893,37.73716],[-122.48917,37.73739],[-122.48931,37.73754],[-122.48956,37.73772],[-122.48965,37.73776],[-122.48979,37.73782],[-122.48997,37.73796],[-122.49036,37.73793],[-122.49048,37.73783],[-122.4907,37.73773],[-122.49089,37.73761],[-122.49129,37.7373],[-122.49146,37.73728],[-122.49145,37.73717],[-122.49132,37.73533],[-122.49128,37.7347],[-122.49124,37.7342],[-122.49128,37.73413],[-122.49129,37.7341],[-122.49226,37.73406],[-122.49335,37.73401],[-122.49378,37.73399],[-122.49394,37.73398],[-122.4944,37.73396],[-122.49645,37.73388],[-122.49656,37.73386],[-122.49686,37.73387],[-122.49749,37.73393],[-122.49803,37.73403],[-122.49861,37.73419],[-122.49903,37.73436],[-122.49914,37.7344],[-122.49924,37.73445],[-122.50006,37.73491],[-122.50049,37.7351],[-122.5009,37.73525],[-122.50104,37.7353],[-122.50118,37.73534],[-122.5016,37.73544],[-122.50203,37.73552],[-122.50256,37.73556],[-122.503,37.73556],[-122.50311,37.73555],[-122.50322,37.73555],[-122.50419,37.73556],[-122.50515,37.73557],[-122.50526,37.73557],[-122.50526,37.73551],[-122.50525,37.73538],[-122.50537,37.73538],[-122.50652,37.73538],[-122.50666,37.73538],[-122.5068,37.73538],[-122.5068,37.73547],[-122.5068,37.73556],[-122.50667,37.73557],[-122.50667,37.73564],[-122.50669,37.73622],[-122.50835,37.74896],[-122.50846,37.74891],[-122.50969,37.75843],[-122.51037,37.76359],[-122.51042,37.76393],[-122.51043,37.764],[-122.51044,37.76406]]]},"properties":{"zipCode":"94116"}},{"type":"Feature","geometry":{"type":"Polygon","coordinates":[[[-122.454,37.75878],[-122.45355,37.75905],[-122.45334,37.75916],[-122.45331,37.75918],[-122.4527,37.7593],[-122.45182,37.75945],[-122.45155,37.75947],[-122.44922,37.75961],[-122.44858,37.75965],[-122.44854,37.75905],[-122.44808,37.75909],[-122.44768,37.75919],[-122.4474,37.75937],[-122.44723,37.75957],[-122.44716,37.75966],[-122.44695,37.76017],[-122.44687,37.76042],[-122.44658,37.7609],[-122.44643,37.76101],[-122.44641,37.76109],[-122.44653,37.7614],[-122.44678,37.76178],[-122.44638,37.76182],[-122.44531,37.76188],[-122.44522,37.76195],[-122.44492,37.76234],[-122.44472,37.76244],[-122.44467,37.7625],[-122.44461,37.76258],[-122.44386,37.76327],[-122.4438,37.7633],[-122.4437,37.76332],[-122.44358,37.76338],[-122.44321,37.76342],[-122.44309,37.76344],[-122.44297,37.76352],[-122.44292,37.7636],[-122.44292,37.76365],[-122.44295,37.76368],[-122.44295,37.76411],[-122.4432,37.76447],[-122.44322,37.76456],[-122.44328,37.76473],[-122.44326,37.76522],[-122.44335,37.76533],[-122.44321,37.76534],[-122.44209,37.76532],[-122.44193,37.7653],[-122.44124,37.76527],[-122.4395,37.76658],[-122.43856,37.7663],[-122.43839,37.76666],[-122.43829,37.76673],[-122.43817,37.76681],[-122.4382,37.76716],[-122.4373,37.76722],[-122.43648,37.76728],[-122.43562,37.76733],[-122.43579,37.76906],[-122.43489,37.76911],[-122.43357,37.76918],[-122.43246,37.76925],[-122.43157,37.76931],[-122.43136,37.76932],[-122.43025,37.76939],[-122.42991,37.76941],[-122.42913,37.76946],[-122.42915,37.76956],[-122.42923,37.77035],[-122.42843,37.77045],[-122.42828,37.7697],[-122.42822,37.76944],[-122.42668,37.76953],[-122.4264,37.7696],[-122.42656,37.76948],[-122.42695,37.76917],[-122.42686,37.76904],[-122.42671,37.76898],[-122.42659,37.76787],[-122.42652,37.76705],[-122.42646,37.76627],[-122.42642,37.76578],[-122.42656,37.76577],[-122.42694,37.76572],[-122.4277,37.76564],[-122.42764,37.76501],[-122.4276,37.76493],[-122.42756,37.76457],[-122.42644,37.76464],[-122.42629,37.76465],[-122.42625,37.76398],[-122.4264,37.76395],[-122.42652,37.76392],[-122.42724,37.7638],[-122.42717,37.76297],[-122.4263,37.76303],[-122.42623,37.76216],[-122.42607,37.76221],[-122.42598,37.76143],[-122.42584,37.75983],[-122.42575,37.75904],[-122.42569,37.75823],[-122.4256,37.75744],[-122.42553,37.75664],[-122.42538,37.75504],[-122.42553,37.75502],[-122.42553,37.75495],[-122.42546,37.75421],[-122.4254,37.75351],[-122.42538,37.75343],[-122.42524,37.75344],[-122.4251,37.75184],[-122.42502,37.75104],[-122.42493,37.75024],[-122.42487,37.74944],[-122.42478,37.74864],[-122.42493,37.74863],[-122.42537,37.7486],[-122.42695,37.74851],[-122.42712,37.7485],[-122.42935,37.74836],[-122.43156,37.74823],[-122.43377,37.7481],[-122.43599,37.74796],[-122.43817,37.74783],[-122.43825,37.74866],[-122.43886,37.74866],[-122.43972,37.74865],[-122.44069,37.74864],[-122.44141,37.74861],[-122.44156,37.74857],[-122.44192,37.74847],[-122.44252,37.74818],[-122.44258,37.74808],[-122.44316,37.7475],[-122.44396,37.74676],[-122.4441,37.74672],[-122.44456,37.74669],[-122.44477,37.74692],[-122.44479,37.74693],[-122.44482,37.74697],[-122.44474,37.74705],[-122.44462,37.74708],[-122.44443,37.74717],[-122.44429,37.74731],[-122.44417,37.74756],[-122.44416,37.74779],[-122.44422,37.74803],[-122.44427,37.74838],[-122.44409,37.74869],[-122.4437,37.74918],[-122.44355,37.74944],[-122.44344,37.75001],[-122.44342,37.7501],[-122.44326,37.75077],[-122.44321,37.75094],[-122.44306,37.75153],[-122.44299,37.75181],[-122.44285,37.75238],[-122.4427,37.75238],[-122.44253,37.75238],[-122.44249,37.75261],[-122.44224,37.75283],[-122.44206,37.75307],[-122.44189,37.75336],[-122.44181,37.75347],[-122.44131,37.75388],[-122.44116,37.75409],[-122.44108,37.75418],[-122.4409,37.75449],[-122.44077,37.75461],[-122.44045,37.75506],[-122.44035,37.75523],[-122.44011,37.75561],[-122.44003,37.7558],[-122.44003,37.75596],[-122.44009,37.75638],[-122.44013,37.75642],[-122.4409,37.75625],[-122.441,37.75622],[-122.44097,37.75612],[-122.441,37.75586],[-122.44119,37.75558],[-122.44161,37.75495],[-122.44173,37.75464],[-122.44181,37.75448],[-122.44222,37.7539],[-122.44238,37.75366],[-122.44243,37.75358],[-122.44266,37.75263],[-122.44267,37.75256],[-122.44278,37.75257],[-122.44267,37.75304],[-122.44253,37.75361],[-122.44248,37.75372],[-122.44192,37.75452],[-122.44184,37.75467],[-122.44172,37.75499],[-122.44129,37.75563],[-122.44111,37.75589],[-122.44109,37.75611],[-122.44112,37.75618],[-122.44119,37.75626],[-122.44128,37.75615],[-122.44152,37.75615],[-122.44178,37.75605],[-122.44241,37.75577],[-122.44293,37.75548],[-122.44278,37.7554],[-122.44255,37.75533],[-122.44241,37.75521],[-122.44235,37.75507],[-122.44239,37.75482],[-122.44241,37.75462],[-122.4425,37.75446],[-122.44301,37.75401],[-122.4431,37.75404],[-122.44406,37.75417],[-122.444,37.75427],[-122.44397,37.75446],[-122.444,37.75461],[-122.44419,37.75502],[-122.44421,37.75516],[-122.44422,37.75558],[-122.44424,37.75591],[-122.44428,37.75603],[-122.44434,37.75617],[-122.44449,37.75635],[-122.4445,37.75637],[-122.44455,37.75643],[-122.44476,37.75656],[-122.44503,37.75661],[-122.44528,37.75657],[-122.44565,37.75645],[-122.44585,37.75643],[-122.44595,37.75641],[-122.44695,37.75655],[-122.44703,37.75676],[-122.44712,37.75688],[-122.44717,37.75692],[-122.44731,37.75704],[-122.44755,37.75719],[-122.44771,37.75735],[-122.44782,37.75749],[-122.44792,37.75759],[-122.45029,37.75746],[-122.45111,37.75671],[-122.45192,37.75667],[-122.45213,37.75666],[-122.45214,37.75692],[-122.45223,37.75703],[-122.45237,37.75707],[-122.45253,37.75703],[-122.45317,37.75669],[-122.45335,37.7567],[-122.45353,37.75682],[-122.45362,37.75695],[-122.45377,37.75747],[-122.45367,37.75756],[-122.45359,37.75762],[-122.45332,37.75782],[-122.4529,37.75806],[-122.45316,37.75832],[-122.45323,37.75839],[-122.45357,37.75863],[-122.4538,37.75874],[-122.454,37.75878]]]},"properties":{"zipCode":"94114"}},{"type":"Feature","geometry":{"type":"Polygon","coordinates":[[[-122.40649,37.76069],[-122.40648,37.76073],[-122.40628,37.76139],[-122.40615,37.76164],[-122.40602,37.76186],[-122.40593,37.76201],[-122.40565,37.76243],[-122.40538,37.76297],[-122.40532,37.76314],[-122.40526,37.76332],[-122.4052,37.76348],[-122.40511,37.76385],[-122.40506,37.76431],[-122.40509,37.76463],[-122.40484,37.76464],[-122.4045,37.76466],[-122.40353,37.76472],[-122.40256,37.76478],[-122.4016,37.76484],[-122.40148,37.76356],[-122.40051,37.76362],[-122.40063,37.7649],[-122.40076,37.76619],[-122.39976,37.76625],[-122.3998,37.76659],[-122.39968,37.7667],[-122.40043,37.7673],[-122.40068,37.7675],[-122.40088,37.76749],[-122.40184,37.76743],[-122.40196,37.76871],[-122.40199,37.76903],[-122.40207,37.76988],[-122.4024,37.76987],[-122.40304,37.76983],[-122.40341,37.76981],[-122.40362,37.76989],[-122.40388,37.77006],[-122.40166,37.77182],[-122.39965,37.7734],[-122.39962,37.77343],[-122.39952,37.77351],[-122.3995,37.77352],[-122.39943,37.77357],[-122.40021,37.7742],[-122.40057,37.77448],[-122.40098,37.77481],[-122.40252,37.77604],[-122.40198,37.77647],[-122.40286,37.77717],[-122.40306,37.77733],[-122.40367,37.77696],[-122.40407,37.77727],[-122.40461,37.7777],[-122.40507,37.77807],[-122.40562,37.7785],[-122.40443,37.77944],[-122.40339,37.78027],[-122.40225,37.78117],[-122.40193,37.78142],[-122.40116,37.78202],[-122.40037,37.78264],[-122.39893,37.78379],[-122.39833,37.78426],[-122.39781,37.78467],[-122.39671,37.78554],[-122.39584,37.78623],[-122.39581,37.78625],[-122.39576,37.78629],[-122.39565,37.78638],[-122.39508,37.78593],[-122.39461,37.78555],[-122.39402,37.78521],[-122.3941,37.78515],[-122.39414,37.78511],[-122.39416,37.7851],[-122.39419,37.78508],[-122.39391,37.78502],[-122.39358,37.785],[-122.39332,37.78501],[-122.39299,37.78508],[-122.39262,37.78521],[-122.39228,37.78537],[-122.39186,37.78544],[-122.39183,37.78546],[-122.39175,37.78551],[-122.39166,37.78556],[-122.39164,37.78557],[-122.39147,37.78568],[-122.39144,37.7857],[-122.39112,37.78593],[-122.3908,37.78617],[-122.39018,37.78666],[-122.3904,37.78645],[-122.39064,37.78619],[-122.39096,37.78592],[-122.39117,37.78576],[-122.3914,37.7856],[-122.39138,37.78554],[-122.39136,37.78541],[-122.39137,37.78528],[-122.3914,37.78515],[-122.39148,37.78501],[-122.39159,37.78487],[-122.39225,37.78431],[-122.39222,37.78428],[-122.39212,37.78421],[-122.39159,37.78459],[-122.39136,37.7848],[-122.3913,37.78486],[-122.39125,37.78492],[-122.39097,37.78523],[-122.39042,37.78567],[-122.38978,37.78618],[-122.38964,37.78622],[-122.38878,37.7869],[-122.38859,37.78705],[-122.38839,37.7871],[-122.38799,37.7871],[-122.3877,37.7871],[-122.38767,37.78718],[-122.38766,37.78731],[-122.38772,37.78804],[-122.38774,37.78826],[-122.38787,37.78873],[-122.38789,37.7888],[-122.38735,37.78931],[-122.38639,37.79021],[-122.38632,37.79023],[-122.38569,37.79045],[-122.38552,37.79053],[-122.38551,37.79055],[-122.38564,37.79084],[-122.38567,37.79089],[-122.38512,37.79139],[-122.38391,37.78862],[-122.38168,37.78353],[-122.38471,37.78278],[-122.38468,37.78254],[-122.3847,37.78253],[-122.38472,37.78252],[-122.38757,37.78234],[-122.38779,37.78228],[-122.38776,37.7818],[-122.38555,37.78193],[-122.38553,37.78192],[-122.38551,37.78178],[-122.38492,37.78181],[-122.3849,37.78183],[-122.38486,37.7818],[-122.38489,37.78176],[-122.38492,37.78178],[-122.38551,37.78174],[-122.38549,37.78159],[-122.38551,37.78158],[-122.38553,37.78158],[-122.38763,37.78145],[-122.38758,37.78096],[-122.38748,37.78097],[-122.38749,37.7811],[-122.38745,37.7811],[-122.38744,37.78097],[-122.38735,37.78098],[-122.38736,37.78111],[-122.38733,37.78111],[-122.38731,37.78098],[-122.38722,37.78099],[-122.38723,37.78112],[-122.38719,37.78112],[-122.38718,37.78099],[-122.38708,37.78099],[-122.38709,37.78113],[-122.38706,37.78113],[-122.38704,37.781],[-122.38695,37.781],[-122.38696,37.78113],[-122.38693,37.78113],[-122.38691,37.781],[-122.38682,37.78101],[-122.38683,37.78114],[-122.3868,37.78114],[-122.38678,37.78101],[-122.38669,37.78102],[-122.3867,37.78115],[-122.38666,37.78115],[-122.38665,37.78102],[-122.38655,37.78102],[-122.38656,37.78116],[-122.38653,37.78116],[-122.38652,37.78103],[-122.38642,37.78103],[-122.38643,37.78116],[-122.3864,37.78116],[-122.38638,37.78103],[-122.38629,37.78104],[-122.3863,37.78117],[-122.38627,37.78117],[-122.38625,37.78104],[-122.38616,37.78105],[-122.38617,37.78118],[-122.38613,37.78118],[-122.38612,37.78105],[-122.38603,37.78105],[-122.38604,37.78119],[-122.38601,37.78119],[-122.38599,37.78106],[-122.38589,37.78106],[-122.3859,37.78119],[-122.38586,37.78119],[-122.38585,37.78106],[-122.38576,37.78107],[-122.38577,37.7812],[-122.38574,37.7812],[-122.38573,37.78107],[-122.38563,37.78108],[-122.38564,37.78121],[-122.38561,37.78121],[-122.38559,37.78108],[-122.3855,37.78108],[-122.38551,37.78122],[-122.38547,37.78122],[-122.38546,37.78109],[-122.38536,37.78109],[-122.38537,37.78122],[-122.38534,37.78123],[-122.38532,37.78109],[-122.38523,37.7811],[-122.38524,37.78123],[-122.38521,37.78123],[-122.38519,37.7811],[-122.3851,37.78111],[-122.38511,37.78124],[-122.38507,37.78124],[-122.38506,37.78111],[-122.38497,37.78111],[-122.38498,37.78125],[-122.38494,37.78125],[-122.38493,37.78112],[-122.38483,37.78112],[-122.38485,37.78125],[-122.38482,37.78126],[-122.38479,37.78098],[-122.38482,37.78098],[-122.38483,37.7811],[-122.38493,37.7811],[-122.38492,37.78097],[-122.38495,37.78097],[-122.38496,37.7811],[-122.38506,37.78109],[-122.38505,37.78096],[-122.38508,37.78096],[-122.3851,37.78109],[-122.38519,37.78108],[-122.38518,37.78096],[-122.38521,37.78096],[-122.38523,37.78108],[-122.38532,37.78108],[-122.38532,37.78095],[-122.38534,37.78095],[-122.38536,37.78107],[-122.38546,37.78107],[-122.38545,37.78094],[-122.38548,37.78094],[-122.3855,37.78107],[-122.38559,37.78106],[-122.38558,37.78093],[-122.38561,37.78093],[-122.38563,37.78106],[-122.38573,37.78105],[-122.38572,37.78093],[-122.38575,37.78092],[-122.38576,37.78105],[-122.38585,37.78105],[-122.38584,37.78092],[-122.38587,37.78092],[-122.38589,37.78104],[-122.38599,37.78104],[-122.38598,37.78091],[-122.38601,37.78091],[-122.38603,37.78103],[-122.38612,37.78103],[-122.38611,37.7809],[-122.38614,37.7809],[-122.38616,37.78103],[-122.38625,37.78102],[-122.38625,37.7809],[-122.38627,37.78089],[-122.38629,37.78102],[-122.38638,37.78101],[-122.38637,37.78089],[-122.3864,37.78089],[-122.38642,37.78101],[-122.38651,37.78101],[-122.3865,37.78088],[-122.38654,37.78088],[-122.38655,37.781],[-122.38665,37.781],[-122.38664,37.78087],[-122.38667,37.78087],[-122.38668,37.781],[-122.38678,37.78099],[-122.38677,37.78087],[-122.3868,37.78087],[-122.38682,37.78099],[-122.38691,37.78098],[-122.3869,37.78086],[-122.38693,37.78086],[-122.38695,37.78098],[-122.38704,37.78098],[-122.38703,37.78085],[-122.38706,37.78085],[-122.38708,37.78097],[-122.38718,37.78097],[-122.38717,37.78084],[-122.3872,37.78084],[-122.38721,37.78097],[-122.38731,37.78096],[-122.3873,37.78083],[-122.38733,37.78083],[-122.38735,37.78096],[-122.38744,37.78095],[-122.38743,37.78083],[-122.38746,37.78083],[-122.38748,37.78095],[-122.38758,37.78094],[-122.38754,37.78051],[-122.38753,37.78049],[-122.38744,37.78049],[-122.38745,37.7806],[-122.38742,37.7806],[-122.38741,37.78049],[-122.38733,37.7805],[-122.38734,37.78061],[-122.38731,37.78061],[-122.3873,37.7805],[-122.38721,37.78051],[-122.38721,37.78062],[-122.38719,37.78062],[-122.38717,37.78051],[-122.38708,37.78051],[-122.38709,37.78063],[-122.38706,37.78063],[-122.38705,37.78051],[-122.38697,37.78052],[-122.38697,37.78063],[-122.38694,37.78063],[-122.38693,37.78052],[-122.38685,37.78053],[-122.38686,37.78064],[-122.38683,37.78064],[-122.38682,37.78053],[-122.38674,37.78053],[-122.38674,37.78065],[-122.38672,37.78065],[-122.3867,37.78054],[-122.38662,37.78054],[-122.38662,37.78065],[-122.3866,37.78065],[-122.38658,37.78054],[-122.3865,37.78055],[-122.38651,37.78066],[-122.38648,37.78066],[-122.38647,37.78055],[-122.38638,37.78055],[-122.38639,37.78067],[-122.38636,37.78067],[-122.38635,37.78056],[-122.38627,37.78056],[-122.38627,37.78067],[-122.38624,37.78067],[-122.38623,37.78056],[-122.38614,37.78057],[-122.38615,37.78068],[-122.38612,37.78068],[-122.38611,37.78057],[-122.38602,37.78058],[-122.38603,37.78069],[-122.386,37.78069],[-122.38599,37.78058],[-122.3859,37.78058],[-122.38591,37.7807],[-122.38588,37.7807],[-122.38587,37.78058],[-122.38579,37.78059],[-122.38579,37.7807],[-122.38576,37.7807],[-122.38575,37.78059],[-122.38567,37.7806],[-122.38568,37.78071],[-122.38565,37.78071],[-122.38563,37.7806],[-122.38556,37.7806],[-122.38556,37.78072],[-122.38554,37.78072],[-122.38552,37.78061],[-122.38543,37.78061],[-122.38544,37.78072],[-122.38541,37.78072],[-122.3854,37.78061],[-122.38531,37.78062],[-122.38532,37.78073],[-122.38529,37.78073],[-122.38528,37.78062],[-122.38519,37.78062],[-122.3852,37.78074],[-122.38517,37.78074],[-122.38516,37.78063],[-122.38508,37.78063],[-122.38509,37.78074],[-122.38506,37.78074],[-122.38505,37.78063],[-122.38496,37.78064],[-122.38497,37.78075],[-122.38494,37.78075],[-122.38493,37.78064],[-122.38485,37.78065],[-122.38485,37.78076],[-122.38482,37.78076],[-122.3848,37.78053],[-122.38483,37.78052],[-122.38485,37.78062],[-122.38492,37.78062],[-122.38492,37.78052],[-122.38495,37.78052],[-122.38496,37.78062],[-122.38504,37.78061],[-122.38504,37.78051],[-122.38507,37.78051],[-122.38508,37.78061],[-122.38516,37.78061],[-122.38515,37.78051],[-122.38518,37.7805],[-122.38519,37.7806],[-122.38528,37.7806],[-122.38527,37.7805],[-122.3853,37.7805],[-122.38531,37.7806],[-122.3854,37.78059],[-122.38539,37.78049],[-122.38542,37.78049],[-122.38543,37.78059],[-122.38552,37.78058],[-122.38551,37.78048],[-122.38554,37.78048],[-122.38555,37.78058],[-122.38563,37.78058],[-122.38563,37.78048],[-122.38566,37.78048],[-122.38567,37.78058],[-122.38575,37.78057],[-122.38574,37.78047],[-122.38577,37.78047],[-122.38578,37.78057],[-122.38587,37.78056],[-122.38586,37.78046],[-122.38589,37.78046],[-122.3859,37.78056],[-122.38599,37.78056],[-122.38598,37.78046],[-122.38601,37.78045],[-122.38602,37.78056],[-122.38611,37.78055],[-122.3861,37.78045],[-122.38613,37.78045],[-122.38614,37.78055],[-122.38623,37.78054],[-122.38622,37.78044],[-122.38625,37.78044],[-122.38627,37.78054],[-122.38635,37.78054],[-122.38634,37.78043],[-122.38637,37.78043],[-122.38638,37.78053],[-122.38646,37.78053],[-122.38646,37.78043],[-122.38649,37.78043],[-122.3865,37.78053],[-122.38658,37.78052],[-122.38658,37.78042],[-122.38661,37.78042],[-122.38662,37.78052],[-122.3867,37.78052],[-122.38669,37.78041],[-122.38672,37.78041],[-122.38674,37.78051],[-122.38682,37.78051],[-122.38681,37.78041],[-122.38684,37.78041],[-122.38685,37.78051],[-122.38693,37.7805],[-122.38692,37.7804],[-122.38695,37.7804],[-122.38696,37.7805],[-122.38705,37.78049],[-122.38704,37.78039],[-122.38707,37.78039],[-122.38708,37.78049],[-122.38717,37.78049],[-122.38717,37.78038],[-122.3872,37.78038],[-122.38721,37.78049],[-122.3873,37.78048],[-122.38729,37.78038],[-122.38732,37.78038],[-122.38733,37.78048],[-122.38741,37.78047],[-122.3874,37.78037],[-122.38743,37.78037],[-122.38744,37.78047],[-122.38753,37.78047],[-122.38753,37.78044],[-122.3875,37.78009],[-122.38749,37.78005],[-122.3874,37.78005],[-122.38741,37.78017],[-122.38738,37.78017],[-122.38737,37.78006],[-122.38729,37.78006],[-122.3873,37.78017],[-122.38727,37.78017],[-122.38726,37.78006],[-122.38717,37.78007],[-122.38718,37.78018],[-122.38715,37.78018],[-122.38713,37.78007],[-122.38704,37.78007],[-122.38705,37.78019],[-122.38702,37.78019],[-122.38701,37.78008],[-122.38692,37.78008],[-122.38693,37.78019],[-122.3869,37.7802],[-122.38689,37.78008],[-122.38681,37.78009],[-122.38682,37.7802],[-122.38679,37.7802],[-122.38678,37.78009],[-122.3867,37.78009],[-122.3867,37.78021],[-122.38667,37.78021],[-122.38666,37.7801],[-122.38658,37.7801],[-122.38659,37.78021],[-122.38655,37.78021],[-122.38654,37.7801],[-122.38646,37.78011],[-122.38647,37.78022],[-122.38644,37.78022],[-122.38642,37.78011],[-122.38634,37.78011],[-122.38635,37.78023],[-122.38632,37.78023],[-122.38631,37.78012],[-122.38623,37.78012],[-122.38623,37.78023],[-122.3862,37.78023],[-122.38619,37.78012],[-122.3861,37.78013],[-122.38611,37.78024],[-122.38608,37.78024],[-122.38607,37.78013],[-122.38598,37.78013],[-122.38599,37.78025],[-122.38596,37.78025],[-122.38595,37.78014],[-122.38586,37.78014],[-122.38587,37.78025],[-122.38583,37.78025],[-122.38583,37.78014],[-122.38574,37.78015],[-122.38575,37.78026],[-122.38572,37.78026],[-122.38571,37.78015],[-122.38563,37.78015],[-122.38564,37.78027],[-122.38561,37.78027],[-122.38559,37.78016],[-122.38551,37.78016],[-122.38552,37.78027],[-122.38549,37.78027],[-122.38548,37.78016],[-122.38539,37.78017],[-122.3854,37.78028],[-122.38537,37.78028],[-122.38536,37.78017],[-122.38527,37.78017],[-122.38528,37.78029],[-122.38525,37.78029],[-122.38524,37.78018],[-122.38515,37.78018],[-122.38516,37.78029],[-122.38513,37.78029],[-122.38512,37.78018],[-122.38504,37.78019],[-122.38505,37.7803],[-122.38501,37.7803],[-122.385,37.78019],[-122.38492,37.78019],[-122.38493,37.78031],[-122.3849,37.78031],[-122.38488,37.7802],[-122.38481,37.7802],[-122.38481,37.78031],[-122.38478,37.78031],[-122.38476,37.78008],[-122.3848,37.78008],[-122.3848,37.78018],[-122.38488,37.78017],[-122.38488,37.78007],[-122.38491,37.78007],[-122.38492,37.78017],[-122.385,37.78017],[-122.385,37.78007],[-122.38503,37.78007],[-122.38504,37.78017],[-122.38511,37.78016],[-122.38511,37.78006],[-122.38514,37.78006],[-122.38515,37.78016],[-122.38523,37.78016],[-122.38523,37.78005],[-122.38526,37.78005],[-122.38527,37.78015],[-122.38536,37.78015],[-122.38535,37.78005],[-122.38538,37.78005],[-122.38539,37.78015],[-122.38548,37.78014],[-122.38547,37.78004],[-122.38551,37.78004],[-122.38551,37.78014],[-122.38559,37.78014],[-122.38558,37.78003],[-122.38562,37.78003],[-122.38563,37.78013],[-122.38571,37.78013],[-122.3857,37.78003],[-122.38573,37.78003],[-122.38574,37.78013],[-122.38582,37.78012],[-122.38582,37.78002],[-122.38585,37.78002],[-122.38586,37.78012],[-122.38595,37.78011],[-122.38594,37.78001],[-122.38597,37.78001],[-122.38598,37.78011],[-122.38607,37.78011],[-122.38606,37.78001],[-122.38609,37.78001],[-122.3861,37.78011],[-122.38619,37.7801],[-122.38618,37.78],[-122.38621,37.78],[-122.38622,37.7801],[-122.38631,37.78009],[-122.3863,37.77999],[-122.38633,37.77999],[-122.38634,37.78009],[-122.38642,37.78009],[-122.38642,37.77999],[-122.38645,37.77999],[-122.38646,37.78009],[-122.38654,37.78008],[-122.38653,37.77998],[-122.38657,37.77998],[-122.38658,37.78008],[-122.38666,37.78008],[-122.38665,37.77997],[-122.38669,37.77997],[-122.38669,37.78007],[-122.38678,37.78007],[-122.38677,37.77997],[-122.3868,37.77997],[-122.38681,37.78007],[-122.38689,37.78006],[-122.38688,37.77996],[-122.38691,37.77996],[-122.38692,37.78006],[-122.38701,37.78006],[-122.387,37.77995],[-122.38703,37.77995],[-122.38704,37.78005],[-122.38713,37.78005],[-122.38712,37.77995],[-122.38716,37.77995],[-122.38717,37.78005],[-122.38726,37.78004],[-122.38725,37.77994],[-122.38728,37.77994],[-122.38729,37.78004],[-122.38737,37.78004],[-122.38736,37.77993],[-122.38739,37.77993],[-122.3874,37.78004],[-122.38749,37.78003],[-122.38749,37.77999],[-122.38747,37.77969],[-122.38745,37.77966],[-122.38738,37.77966],[-122.38739,37.77975],[-122.38736,37.77975],[-122.38735,37.77966],[-122.38728,37.77967],[-122.38728,37.77976],[-122.38725,37.77976],[-122.38724,37.77967],[-122.38717,37.77967],[-122.38718,37.77976],[-122.38715,37.77976],[-122.38714,37.77967],[-122.38707,37.77968],[-122.38707,37.77977],[-122.38705,37.77977],[-122.38703,37.77968],[-122.38697,37.77968],[-122.38698,37.77977],[-122.38695,37.77978],[-122.38694,37.77969],[-122.38687,37.77969],[-122.38687,37.77978],[-122.38685,37.77978],[-122.38683,37.77969],[-122.38677,37.7797],[-122.38677,37.77978],[-122.38674,37.77979],[-122.38673,37.7797],[-122.38666,37.7797],[-122.38667,37.77979],[-122.38664,37.77979],[-122.38663,37.7797],[-122.38656,37.77971],[-122.38656,37.7798],[-122.38653,37.7798],[-122.38652,37.77971],[-122.38645,37.77971],[-122.38646,37.7798],[-122.38643,37.7798],[-122.38642,37.77972],[-122.38635,37.77972],[-122.38636,37.77981],[-122.38633,37.77981],[-122.38632,37.77972],[-122.38625,37.77973],[-122.38625,37.77982],[-122.38623,37.77982],[-122.38621,37.77973],[-122.38615,37.77973],[-122.38616,37.77982],[-122.38613,37.77982],[-122.38612,37.77973],[-122.38605,37.77974],[-122.38606,37.77983],[-122.38603,37.77983],[-122.38601,37.77974],[-122.38595,37.77974],[-122.38595,37.77983],[-122.38592,37.77983],[-122.38591,37.77975],[-122.38584,37.77975],[-122.38585,37.77984],[-122.38582,37.77984],[-122.38581,37.77975],[-122.38574,37.77976],[-122.38575,37.77984],[-122.38572,37.77985],[-122.38571,37.77976],[-122.38564,37.77976],[-122.38564,37.77985],[-122.38561,37.77985],[-122.3856,37.77976],[-122.38553,37.77977],[-122.38554,37.77986],[-122.38551,37.77986],[-122.38549,37.77977],[-122.38542,37.77977],[-122.38543,37.77986],[-122.3854,37.77986],[-122.38539,37.77978],[-122.38532,37.77978],[-122.38533,37.77987],[-122.3853,37.77987],[-122.38529,37.77978],[-122.38523,37.77978],[-122.38523,37.77987],[-122.3852,37.77988],[-122.38519,37.77979],[-122.38512,37.77979],[-122.38513,37.77988],[-122.3851,37.77988],[-122.38509,37.77979],[-122.38502,37.7798],[-122.38503,37.77989],[-122.385,37.77989],[-122.38499,37.7798],[-122.38492,37.7798],[-122.38492,37.77989],[-122.3849,37.77989],[-122.38488,37.7798],[-122.38481,37.77981],[-122.38482,37.7799],[-122.38478,37.7799],[-122.38476,37.77969],[-122.3848,37.77969],[-122.38481,37.77979],[-122.38488,37.77978],[-122.38487,37.77969],[-122.3849,37.77969],[-122.38492,37.77978],[-122.38498,37.77978],[-122.38498,37.77968],[-122.38501,37.77968],[-122.38502,37.77977],[-122.38508,37.77977],[-122.38508,37.77968],[-122.38511,37.77967],[-122.38512,37.77977],[-122.38519,37.77976],[-122.38518,37.77967],[-122.38521,37.77967],[-122.38522,37.77976],[-122.38528,37.77976],[-122.38528,37.77967],[-122.38531,37.77966],[-122.38532,37.77976],[-122.38539,37.77975],[-122.38538,37.77966],[-122.38541,37.77966],[-122.38542,37.77975],[-122.38549,37.77975],[-122.38548,37.77965],[-122.38552,37.77965],[-122.38553,37.77975],[-122.3856,37.77974],[-122.38559,37.77964],[-122.38562,37.77964],[-122.38563,37.77974],[-122.38571,37.77973],[-122.3857,37.77964],[-122.38573,37.77964],[-122.38574,37.77973],[-122.38581,37.77973],[-122.3858,37.77963],[-122.38583,37.77963],[-122.38584,37.77973],[-122.38591,37.77972],[-122.3859,37.77963],[-122.38593,37.77963],[-122.38594,37.77972],[-122.38601,37.77972],[-122.38601,37.77962],[-122.38604,37.77962],[-122.38605,37.77971],[-122.38612,37.77971],[-122.38611,37.77962],[-122.38614,37.77962],[-122.38615,37.77971],[-122.38621,37.77971],[-122.3862,37.77961],[-122.38623,37.77961],[-122.38624,37.7797],[-122.38632,37.7797],[-122.38631,37.7796],[-122.38634,37.7796],[-122.38635,37.7797],[-122.38642,37.77969],[-122.38641,37.7796],[-122.38644,37.7796],[-122.38645,37.77969],[-122.38652,37.77969],[-122.38651,37.77959],[-122.38654,37.77959],[-122.38655,37.77969],[-122.38662,37.77968],[-122.38662,37.77959],[-122.38665,37.77958],[-122.38666,37.77968],[-122.38673,37.77968],[-122.38672,37.77958],[-122.38675,37.77958],[-122.38676,37.77967],[-122.38683,37.77967],[-122.38683,37.77957],[-122.38685,37.77957],[-122.38687,37.77967],[-122.38693,37.77966],[-122.38693,37.77957],[-122.38696,37.77957],[-122.38697,37.77966],[-122.38703,37.77966],[-122.38702,37.77956],[-122.38705,37.77956],[-122.38706,37.77966],[-122.38714,37.77965],[-122.38713,37.77957],[-122.38716,37.77956],[-122.38717,37.77965],[-122.38724,37.77965],[-122.38723,37.77956],[-122.38726,37.77956],[-122.38727,37.77964],[-122.38734,37.77964],[-122.38734,37.77955],[-122.38737,37.77955],[-122.38738,37.77964],[-122.38745,37.77963],[-122.38746,37.7796],[-122.38743,37.77933],[-122.38742,37.77929],[-122.38734,37.77929],[-122.38734,37.77938],[-122.38732,37.77938],[-122.38731,37.77929],[-122.38724,37.7793],[-122.38724,37.77938],[-122.38721,37.77938],[-122.3872,37.7793],[-122.38713,37.77931],[-122.38714,37.7794],[-122.38711,37.7794],[-122.3871,37.77931],[-122.38703,37.77931],[-122.38703,37.77941],[-122.387,37.77941],[-122.38699,37.77931],[-122.38693,37.77932],[-122.38694,37.77941],[-122.38691,37.77941],[-122.3869,37.77932],[-122.38683,37.77932],[-122.38683,37.77942],[-122.38681,37.77942],[-122.38679,37.77932],[-122.38673,37.77933],[-122.38673,37.77942],[-122.3867,37.77942],[-122.38669,37.77933],[-122.38663,37.77933],[-122.38663,37.77943],[-122.3866,37.77943],[-122.38659,37.77934],[-122.38652,37.77934],[-122.38653,37.77943],[-122.3865,37.77944],[-122.38649,37.77934],[-122.38642,37.77935],[-122.38642,37.77944],[-122.38639,37.77944],[-122.38638,37.77935],[-122.38632,37.77935],[-122.38632,37.77945],[-122.38629,37.77945],[-122.38629,37.77935],[-122.38621,37.77936],[-122.38621,37.77945],[-122.38619,37.77945],[-122.38618,37.77936],[-122.38611,37.77936],[-122.38612,37.77946],[-122.38609,37.77946],[-122.38608,37.77937],[-122.38601,37.77937],[-122.38601,37.77946],[-122.38598,37.77946],[-122.38598,37.77937],[-122.38591,37.77938],[-122.38591,37.77947],[-122.38588,37.77947],[-122.38588,37.77938],[-122.3858,37.77938],[-122.3858,37.77948],[-122.38578,37.77948],[-122.38577,37.77938],[-122.3857,37.77939],[-122.3857,37.77948],[-122.38567,37.77948],[-122.38566,37.77939],[-122.3856,37.77939],[-122.3856,37.77949],[-122.38557,37.77949],[-122.38556,37.7794],[-122.3855,37.7794],[-122.3855,37.77949],[-122.38547,37.77949],[-122.38546,37.7794],[-122.38539,37.7794],[-122.38539,37.7795],[-122.38536,37.7795],[-122.38536,37.77941],[-122.38529,37.77941],[-122.38529,37.77951],[-122.38526,37.77951],[-122.38525,37.77941],[-122.38519,37.77942],[-122.38519,37.77951],[-122.38517,37.77951],[-122.38516,37.77942],[-122.38509,37.77942],[-122.38509,37.77952],[-122.38507,37.77952],[-122.38505,37.77942],[-122.38499,37.77943],[-122.38499,37.77952],[-122.38496,37.77953],[-122.38495,37.77943],[-122.38488,37.77943],[-122.38489,37.77953],[-122.38486,37.77953],[-122.38485,37.77944],[-122.38477,37.77944],[-122.38478,37.77954],[-122.38475,37.77954],[-122.38473,37.77933],[-122.38476,37.77933],[-122.38477,37.77942],[-122.38485,37.77942],[-122.38484,37.77932],[-122.38487,37.77932],[-122.38488,37.77942],[-122.38495,37.77941],[-122.38494,37.77932],[-122.38497,37.77932],[-122.38498,37.77941],[-122.38505,37.7794],[-122.38505,37.77931],[-122.38508,37.77931],[-122.38509,37.7794],[-122.38516,37.7794],[-122.38515,37.77931],[-122.38518,37.7793],[-122.38519,37.7794],[-122.38525,37.77939],[-122.38525,37.7793],[-122.38528,37.7793],[-122.38528,37.77939],[-122.38535,37.77939],[-122.38535,37.77929],[-122.38538,37.77929],[-122.38539,37.77939],[-122.38546,37.77938],[-122.38546,37.77929],[-122.38548,37.77929],[-122.38549,37.77938],[-122.38556,37.77938],[-122.38556,37.77928],[-122.38559,37.77928],[-122.3856,37.77937],[-122.38566,37.77937],[-122.38566,37.77928],[-122.38569,37.77928],[-122.3857,37.77937],[-122.38577,37.77936],[-122.38576,37.77927],[-122.38579,37.77927],[-122.3858,37.77936],[-122.38587,37.77936],[-122.38587,37.77926],[-122.3859,37.77926],[-122.38591,37.77936],[-122.38598,37.77935],[-122.38597,37.77926],[-122.386,37.77926],[-122.38601,37.77935],[-122.38608,37.77935],[-122.38607,37.77925],[-122.3861,37.77925],[-122.38611,37.77934],[-122.38618,37.77934],[-122.38617,37.77925],[-122.3862,37.77924],[-122.38621,37.77934],[-122.38628,37.77933],[-122.38628,37.77924],[-122.38631,37.77924],[-122.38632,37.77933],[-122.38638,37.77933],[-122.38638,37.77924],[-122.38641,37.77923],[-122.38642,37.77933],[-122.38649,37.77932],[-122.38648,37.77923],[-122.38651,37.77923],[-122.38652,37.77932],[-122.38659,37.77932],[-122.38659,37.77922],[-122.38661,37.77922],[-122.38662,37.77931],[-122.38669,37.77931],[-122.38669,37.77922],[-122.38672,37.77922],[-122.38673,37.77931],[-122.38679,37.77931],[-122.38679,37.77921],[-122.38682,37.77921],[-122.38683,37.7793],[-122.3869,37.7793],[-122.38689,37.7792],[-122.38692,37.7792],[-122.38693,37.7793],[-122.38699,37.77929],[-122.38699,37.7792],[-122.38702,37.7792],[-122.38703,37.77929],[-122.3871,37.77929],[-122.38709,37.77919],[-122.38712,37.77919],[-122.38713,37.77929],[-122.3872,37.77928],[-122.3872,37.7792],[-122.38722,37.7792],[-122.38723,37.77928],[-122.38731,37.77928],[-122.3873,37.77919],[-122.38733,37.77919],[-122.38734,37.77927],[-122.38742,37.77927],[-122.38742,37.77924],[-122.3874,37.77897],[-122.38738,37.77893],[-122.38732,37.77894],[-122.38732,37.77901],[-122.38729,37.77901],[-122.38728,37.77894],[-122.38722,37.77894],[-122.38722,37.77901],[-122.38719,37.77901],[-122.38719,37.77894],[-122.38712,37.77895],[-122.38713,37.77903],[-122.3871,37.77903],[-122.38709,37.77895],[-122.38703,37.77895],[-122.38703,37.77903],[-122.387,37.77903],[-122.38699,37.77895],[-122.38693,37.77896],[-122.38693,37.77904],[-122.38691,37.77904],[-122.3869,37.77896],[-122.38684,37.77896],[-122.38684,37.77904],[-122.38681,37.77904],[-122.3868,37.77897],[-122.38674,37.77897],[-122.38674,37.77905],[-122.38671,37.77905],[-122.3867,37.77897],[-122.38664,37.77897],[-122.38664,37.77906],[-122.38661,37.77906],[-122.3866,37.77898],[-122.38655,37.77898],[-122.38655,37.77906],[-122.38653,37.77906],[-122.38652,37.77898],[-122.38645,37.77899],[-122.38645,37.77906],[-122.38643,37.77907],[-122.38642,37.77899],[-122.38636,37.77899],[-122.38636,37.77907],[-122.38633,37.77907],[-122.38632,37.77899],[-122.38626,37.779],[-122.38626,37.77908],[-122.38623,37.77908],[-122.38622,37.779],[-122.38616,37.779],[-122.38617,37.77908],[-122.38614,37.77908],[-122.38613,37.779],[-122.38607,37.77901],[-122.38607,37.77909],[-122.38604,37.77909],[-122.38603,37.77901],[-122.38596,37.77901],[-122.38596,37.77909],[-122.38594,37.77909],[-122.38593,37.77902],[-122.38587,37.77902],[-122.38587,37.7791],[-122.38584,37.7791],[-122.38583,37.77902],[-122.38577,37.77902],[-122.38577,37.7791],[-122.38574,37.77911],[-122.38573,37.77903],[-122.38568,37.77903],[-122.38568,37.77911],[-122.38565,37.77911],[-122.38564,37.77903],[-122.38558,37.77904],[-122.38558,37.77911],[-122.38555,37.77912],[-122.38554,37.77904],[-122.38548,37.77904],[-122.38548,37.77912],[-122.38546,37.77912],[-122.38545,37.77904],[-122.38539,37.77905],[-122.38539,37.77913],[-122.38536,37.77913],[-122.38535,37.77905],[-122.38529,37.77905],[-122.38529,37.77913],[-122.38526,37.77913],[-122.38525,37.77906],[-122.3852,37.77906],[-122.3852,37.77914],[-122.38517,37.77914],[-122.38516,37.77906],[-122.38509,37.77906],[-122.3851,37.77914],[-122.38507,37.77914],[-122.38506,37.77906],[-122.385,37.77907],[-122.385,37.77915],[-122.38498,37.77915],[-122.38497,37.77907],[-122.38491,37.77907],[-122.38491,37.77915],[-122.38488,37.77915],[-122.38487,37.77908],[-122.38481,37.77908],[-122.38481,37.77916],[-122.38478,37.77916],[-122.38477,37.77898],[-122.38479,37.77898],[-122.3848,37.77906],[-122.38487,37.77906],[-122.38487,37.77897],[-122.3849,37.77897],[-122.38491,37.77906],[-122.38497,37.77905],[-122.38496,37.77897],[-122.38499,37.77897],[-122.385,37.77905],[-122.38506,37.77905],[-122.38505,37.77896],[-122.38508,37.77896],[-122.38509,37.77904],[-122.38516,37.77904],[-122.38516,37.77896],[-122.38518,37.77896],[-122.38519,37.77904],[-122.38525,37.77904],[-122.38525,37.77895],[-122.38528,37.77895],[-122.38529,37.77903],[-122.38535,37.77903],[-122.38535,37.77895],[-122.38537,37.77895],[-122.38538,37.77903],[-122.38545,37.77902],[-122.38544,37.77894],[-122.38547,37.77894],[-122.38548,37.77902],[-122.38554,37.77902],[-122.38554,37.77893],[-122.38557,37.77893],[-122.38558,37.77902],[-122.38564,37.77901],[-122.38564,37.77893],[-122.38566,37.77893],[-122.38567,37.77901],[-122.38573,37.77901],[-122.38573,37.77892],[-122.38576,37.77892],[-122.38577,37.77901],[-122.38583,37.779],[-122.38583,37.77892],[-122.38585,37.77892],[-122.38586,37.779],[-122.38593,37.779],[-122.38592,37.77891],[-122.38595,37.77891],[-122.38596,37.77899],[-122.38603,37.77899],[-122.38603,37.77891],[-122.38605,37.77891],[-122.38607,37.77899],[-122.38613,37.77899],[-122.38613,37.7789],[-122.38615,37.7789],[-122.38616,37.77898],[-122.38622,37.77898],[-122.38622,37.7789],[-122.38625,37.7789],[-122.38626,37.77898],[-122.38632,37.77897],[-122.38632,37.77889],[-122.38634,37.77889],[-122.38635,37.77897],[-122.38641,37.77897],[-122.38641,37.77888],[-122.38644,37.77888],[-122.38645,37.77897],[-122.38651,37.77896],[-122.38651,37.77888],[-122.38654,37.77888],[-122.38655,37.77896],[-122.3866,37.77896],[-122.3866,37.77887],[-122.38663,37.77887],[-122.38664,37.77896],[-122.3867,37.77895],[-122.3867,37.77887],[-122.38672,37.77887],[-122.38673,37.77895],[-122.3868,37.77895],[-122.3868,37.77886],[-122.38682,37.77886],[-122.38684,37.77895],[-122.38689,37.77894],[-122.38689,37.77886],[-122.38692,37.77886],[-122.38693,37.77894],[-122.38699,37.77894],[-122.38699,37.77885],[-122.38701,37.77885],[-122.38702,37.77893],[-122.38709,37.77893],[-122.38708,37.77885],[-122.38711,37.77884],[-122.38712,37.77893],[-122.38718,37.77893],[-122.38718,37.77885],[-122.38721,37.77885],[-122.38722,37.77892],[-122.38728,37.77892],[-122.38728,37.77884],[-122.38731,37.77884],[-122.38731,37.77892],[-122.38738,37.77891],[-122.38739,37.77888],[-122.38737,37.77863],[-122.38735,37.77861],[-122.38729,37.77861],[-122.38729,37.77868],[-122.38726,37.77868],[-122.38725,37.77861],[-122.38719,37.77861],[-122.38719,37.77869],[-122.38716,37.77869],[-122.38715,37.77862],[-122.38709,37.77862],[-122.3871,37.7787],[-122.38707,37.7787],[-122.38706,37.77862],[-122.387,37.77863],[-122.387,37.77871],[-122.38697,37.77871],[-122.38696,37.77863],[-122.3869,37.77863],[-122.3869,37.77871],[-122.38688,37.77871],[-122.38687,37.77863],[-122.3868,37.77864],[-122.3868,37.77872],[-122.38677,37.77872],[-122.38676,37.77864],[-122.38671,37.77864],[-122.38671,37.77873],[-122.38668,37.77873],[-122.38667,37.77864],[-122.38661,37.77865],[-122.38662,37.77873],[-122.38659,37.77873],[-122.38658,37.77865],[-122.38651,37.77865],[-122.38651,37.77874],[-122.38649,37.77874],[-122.38648,37.77866],[-122.38642,37.77866],[-122.38642,37.77874],[-122.38639,37.77874],[-122.38638,37.77866],[-122.38632,37.77866],[-122.38632,37.77875],[-122.38629,37.77875],[-122.38628,37.77867],[-122.38622,37.77867],[-122.38622,37.77875],[-122.3862,37.77875],[-122.38619,37.77867],[-122.38613,37.77868],[-122.38613,37.77876],[-122.3861,37.77876],[-122.38609,37.77868],[-122.38603,37.77868],[-122.38603,37.77876],[-122.386,37.77877],[-122.38599,37.77868],[-122.38593,37.77869],[-122.38594,37.77877],[-122.38591,37.77877],[-122.3859,37.77869],[-122.38583,37.77869],[-122.38584,37.77877],[-122.38581,37.77878],[-122.3858,37.7787],[-122.38574,37.7787],[-122.38574,37.77878],[-122.38572,37.77878],[-122.38571,37.7787],[-122.38564,37.7787],[-122.38565,37.77879],[-122.38562,37.77879],[-122.38561,37.77871],[-122.38555,37.77871],[-122.38555,37.77879],[-122.38553,37.77879],[-122.38552,37.77871],[-122.38545,37.77872],[-122.38545,37.7788],[-122.38543,37.7788],[-122.38542,37.77872],[-122.38536,37.77872],[-122.38536,37.7788],[-122.38533,37.7788],[-122.38532,37.77872],[-122.38526,37.77873],[-122.38526,37.77881],[-122.38524,37.77881],[-122.38522,37.77873],[-122.38516,37.77873],[-122.38516,37.77881],[-122.38513,37.77882],[-122.38511,37.77863],[-122.38515,37.77863],[-122.38516,37.77871],[-122.38522,37.77871],[-122.38522,37.77863],[-122.38525,37.77863],[-122.38526,37.77871],[-122.38532,37.7787],[-122.38532,37.77862],[-122.38534,37.77862],[-122.38535,37.7787],[-122.38542,37.7787],[-122.38541,37.77862],[-122.38544,37.77862],[-122.38545,37.7787],[-122.38551,37.77869],[-122.38551,37.77861],[-122.38554,37.77861],[-122.38555,37.77869],[-122.38561,37.77869],[-122.3856,37.77861],[-122.38563,37.77861],[-122.38564,37.77868],[-122.38571,37.77868],[-122.3857,37.7786],[-122.38573,37.7786],[-122.38574,37.77868],[-122.3858,37.77868],[-122.3858,37.77859],[-122.38582,37.77859],[-122.38583,37.77867],[-122.3859,37.77867],[-122.38589,37.77859],[-122.38592,37.77859],[-122.38593,37.77867],[-122.38599,37.77866],[-122.38599,37.77858],[-122.38602,37.77858],[-122.38603,37.77866],[-122.38609,37.77866],[-122.38609,37.77858],[-122.38612,37.77858],[-122.38612,37.77866],[-122.38619,37.77865],[-122.38618,37.77857],[-122.38621,37.77857],[-122.38622,37.77865],[-122.38628,37.77865],[-122.38628,37.77857],[-122.3863,37.77857],[-122.38632,37.77865],[-122.38638,37.77864],[-122.38638,37.77856],[-122.3864,37.77856],[-122.38642,37.77864],[-122.38647,37.77864],[-122.38647,37.77856],[-122.3865,37.77855],[-122.38651,37.77864],[-122.38658,37.77863],[-122.38657,37.77855],[-122.3866,37.77855],[-122.38661,37.77863],[-122.38667,37.77862],[-122.38667,37.77854],[-122.38669,37.77854],[-122.38671,37.77862],[-122.38676,37.77862],[-122.38676,37.77854],[-122.38679,37.77854],[-122.3868,37.77862],[-122.38686,37.77861],[-122.38686,37.77853],[-122.38689,37.77853],[-122.3869,37.77861],[-122.38696,37.77861],[-122.38696,37.77853],[-122.38698,37.77853],[-122.38699,37.77861],[-122.38706,37.7786],[-122.38706,37.77852],[-122.38708,37.77852],[-122.38709,37.7786],[-122.38715,37.7786],[-122.38715,37.77853],[-122.38717,37.77853],[-122.38719,37.7786],[-122.38725,37.77859],[-122.38725,37.77852],[-122.38727,37.77852],[-122.38729,37.77859],[-122.38735,37.77859],[-122.38736,37.77856],[-122.38734,37.77836],[-122.38534,37.77848],[-122.38529,37.77845],[-122.38533,37.77841],[-122.38537,37.77844],[-122.38544,37.77843],[-122.38751,37.77832],[-122.38751,37.77834],[-122.38769,37.77834],[-122.38762,37.77821],[-122.39009,37.77727],[-122.39041,37.77714],[-122.39035,37.77709],[-122.39011,37.77681],[-122.39039,37.77696],[-122.39022,37.77672],[-122.39044,37.77668],[-122.39253,37.77516],[-122.3927,37.77529],[-122.39336,37.77579],[-122.39394,37.77626],[-122.39416,37.77643],[-122.39638,37.77467],[-122.39626,37.77458],[-122.39619,37.77452],[-122.39669,37.7741],[-122.39717,37.77369],[-122.39742,37.77344],[-122.39772,37.77301],[-122.39784,37.77273],[-122.39788,37.77252],[-122.39787,37.77232],[-122.39791,37.77236],[-122.39806,37.77248],[-122.39811,37.77252],[-122.39859,37.77289],[-122.39863,37.77285],[-122.39868,37.77282],[-122.39877,37.77275],[-122.39881,37.77271],[-122.39908,37.7725],[-122.4003,37.77154],[-122.40058,37.77131],[-122.4008,37.77114],[-122.40002,37.77051],[-122.39916,37.76982],[-122.39905,37.76973],[-122.39859,37.76937],[-122.39818,37.76904],[-122.39742,37.76844],[-122.39665,37.76782],[-122.39652,37.76791],[-122.39577,37.76731],[-122.39484,37.76656],[-122.39464,37.76657],[-122.39447,37.76658],[-122.3943,37.76644],[-122.39392,37.76607],[-122.39391,37.76592],[-122.39388,37.76561],[-122.39386,37.76546],[-122.39385,37.76531],[-122.39373,37.76402],[-122.39322,37.76405],[-122.39317,37.76406],[-122.393,37.76407],[-122.39275,37.76408],[-122.39271,37.76408],[-122.39261,37.76409],[-122.39249,37.7641],[-122.39178,37.76414],[-122.39082,37.7642],[-122.38985,37.76426],[-122.38891,37.76432],[-122.38873,37.76433],[-122.38868,37.76433],[-122.38862,37.76434],[-122.38792,37.76438],[-122.3878,37.76311],[-122.38774,37.76239],[-122.38769,37.76183],[-122.38757,37.76055],[-122.38659,37.76061],[-122.38635,37.75806],[-122.38549,37.75811],[-122.3853,37.7579],[-122.38519,37.75782],[-122.38508,37.75774],[-122.38491,37.75771],[-122.38473,37.7577],[-122.38451,37.75771],[-122.38344,37.75777],[-122.38132,37.75796],[-122.38134,37.75794],[-122.3814,37.75782],[-122.38144,37.7577],[-122.38147,37.75757],[-122.38148,37.75751],[-122.38143,37.75752],[-122.38141,37.75734],[-122.38147,37.7573],[-122.38145,37.75715],[-122.38145,37.75712],[-122.38132,37.75712],[-122.38132,37.75709],[-122.38136,37.75708],[-122.38132,37.75654],[-122.38134,37.75651],[-122.38137,37.75648],[-122.38141,37.75646],[-122.3814,37.75641],[-122.38135,37.7564],[-122.38131,37.75638],[-122.38128,37.75634],[-122.38126,37.7563],[-122.38124,37.75587],[-122.38122,37.75585],[-122.38119,37.75584],[-122.38102,37.75583],[-122.381,37.7558],[-122.38094,37.7558],[-122.38094,37.75575],[-122.38103,37.75574],[-122.38088,37.75565],[-122.38076,37.75555],[-122.38073,37.75549],[-122.38072,37.75541],[-122.38073,37.75533],[-122.38075,37.75526],[-122.38078,37.75522],[-122.38084,37.75518],[-122.3809,37.75516],[-122.38102,37.75515],[-122.38113,37.75513],[-122.38123,37.75509],[-122.38132,37.75507],[-122.3814,37.75507],[-122.38148,37.75509],[-122.3816,37.75514],[-122.38168,37.75516],[-122.38171,37.75516],[-122.38283,37.75504],[-122.38367,37.75497],[-122.38374,37.75495],[-122.38382,37.75494],[-122.38407,37.75495],[-122.3841,37.75491],[-122.38408,37.75466],[-122.384,37.75462],[-122.3837,37.7547],[-122.38355,37.75473],[-122.38344,37.75474],[-122.38333,37.75473],[-122.38323,37.75471],[-122.38315,37.75467],[-122.38307,37.75463],[-122.38302,37.75459],[-122.38291,37.75446],[-122.3829,37.75444],[-122.3825,37.7545],[-122.38152,37.75463],[-122.38093,37.75464],[-122.38038,37.75462],[-122.38011,37.75453],[-122.38005,37.75435],[-122.38005,37.75405],[-122.38001,37.75336],[-122.38099,37.75323],[-122.38171,37.75319],[-122.38199,37.75317],[-122.38295,37.75311],[-122.38391,37.75306],[-122.38488,37.753],[-122.38585,37.75295],[-122.38681,37.75289],[-122.38668,37.75161],[-122.38657,37.75032],[-122.38751,37.75027],[-122.38772,37.75025],[-122.38851,37.75021],[-122.38948,37.75014],[-122.39043,37.75012],[-122.39142,37.75014],[-122.39171,37.75011],[-122.39176,37.75011],[-122.39193,37.75009],[-122.39223,37.75004],[-122.39236,37.75003],[-122.39239,37.75002],[-122.39318,37.74993],[-122.39318,37.7514],[-122.39347,37.75137],[-122.39352,37.75137],[-122.39409,37.75134],[-122.39417,37.75136],[-122.39522,37.75131],[-122.39526,37.75124],[-122.39528,37.75117],[-122.39534,37.75107],[-122.39535,37.75101],[-122.3953,37.7505],[-122.39529,37.7503],[-122.39535,37.75023],[-122.39531,37.7498],[-122.39627,37.74975],[-122.39729,37.74969],[-122.40206,37.7494],[-122.40286,37.74954],[-122.40306,37.74954],[-122.4032,37.74953],[-122.40326,37.74953],[-122.40357,37.74947],[-122.40359,37.74947],[-122.40378,37.74943],[-122.40374,37.74958],[-122.40351,37.75028],[-122.40331,37.75088],[-122.40338,37.75093],[-122.40336,37.75135],[-122.40326,37.75162],[-122.40323,37.75172],[-122.40317,37.75191],[-122.40301,37.75245],[-122.40298,37.75275],[-122.40301,37.7532],[-122.40313,37.75448],[-122.40325,37.75576],[-122.40331,37.75617],[-122.4034,37.75647],[-122.40354,37.7568],[-122.40369,37.75701],[-122.40377,37.75714],[-122.40417,37.75753],[-122.40444,37.75775],[-122.40484,37.75803],[-122.40505,37.75819],[-122.40555,37.75854],[-122.4059,37.75893],[-122.4061,37.7592],[-122.40624,37.75942],[-122.40626,37.75945],[-122.40639,37.7598],[-122.40649,37.76026],[-122.40649,37.76069]]]},"properties":{"zipCode":"94107"}},{"type":"Feature","geometry":{"type":"Polygon","coordinates":[[[-122.47742,37.76606],[-122.47736,37.76606],[-122.4773,37.76607],[-122.47725,37.76607],[-122.47681,37.76612],[-122.47584,37.76632],[-122.47526,37.76647],[-122.47353,37.76697],[-122.47328,37.76706],[-122.47312,37.76712],[-122.47288,37.76726],[-122.4727,37.76744],[-122.47264,37.76754],[-122.47258,37.76764],[-122.4725,37.76785],[-122.47247,37.76806],[-122.47244,37.76823],[-122.47234,37.76845],[-122.47225,37.76861],[-122.47207,37.76879],[-122.47183,37.76894],[-122.47156,37.76907],[-122.4713,37.76914],[-122.47092,37.7692],[-122.4706,37.76922],[-122.47012,37.76922],[-122.46976,37.76921],[-122.46914,37.76909],[-122.46873,37.76895],[-122.46833,37.76878],[-122.4673,37.76819],[-122.467,37.76801],[-122.4663,37.76844],[-122.46577,37.76879],[-122.4652,37.76925],[-122.46476,37.76953],[-122.4644,37.76967],[-122.46276,37.77007],[-122.4618,37.77029],[-122.46143,37.77033],[-122.46111,37.77034],[-122.46077,37.77032],[-122.46011,37.7704],[-122.4599,37.77044],[-122.45975,37.77051],[-122.45954,37.77065],[-122.45944,37.77076],[-122.45932,37.77093],[-122.45916,37.77131],[-122.46,37.77145],[-122.46118,37.77163],[-122.46205,37.77178],[-122.46304,37.77202],[-122.46412,37.77232],[-122.46461,37.77244],[-122.46375,37.77362],[-122.46268,37.77376],[-122.46162,37.77389],[-122.46055,37.77403],[-122.45949,37.77417],[-122.45837,37.77431],[-122.45628,37.77456],[-122.45525,37.77469],[-122.45468,37.77476],[-122.453,37.77497],[-122.45281,37.77499],[-122.45296,37.77575],[-122.45304,37.77614],[-122.45319,37.77685],[-122.45223,37.77698],[-122.45135,37.77709],[-122.45046,37.7772],[-122.44957,37.77732],[-122.44868,37.77743],[-122.4478,37.77755],[-122.44685,37.77767],[-122.44666,37.77674],[-122.44664,37.77666],[-122.44647,37.7758],[-122.44478,37.77602],[-122.44497,37.77696],[-122.44332,37.77716],[-122.44168,37.77737],[-122.44163,37.77716],[-122.44149,37.77644],[-122.44034,37.77658],[-122.43984,37.77664],[-122.44003,37.77759],[-122.43943,37.77766],[-122.43881,37.77774],[-122.43844,37.77779],[-122.43831,37.7778],[-122.43824,37.77781],[-122.4367,37.77801],[-122.43505,37.77821],[-122.43341,37.77842],[-122.43284,37.7785],[-122.43176,37.77863],[-122.43088,37.77875],[-122.43065,37.77877],[-122.43012,37.77884],[-122.42993,37.77791],[-122.42976,37.77697],[-122.42968,37.7766],[-122.42963,37.77651],[-122.42962,37.77633],[-122.42955,37.77604],[-122.42946,37.77558],[-122.42937,37.77511],[-122.42927,37.77465],[-122.42918,37.77418],[-122.42909,37.77372],[-122.42899,37.77325],[-122.42889,37.77275],[-122.4288,37.77232],[-122.42871,37.77185],[-122.42861,37.77138],[-122.42852,37.77092],[-122.42843,37.77045],[-122.42923,37.77035],[-122.42915,37.76956],[-122.42913,37.76946],[-122.42991,37.76941],[-122.43025,37.76939],[-122.43136,37.76932],[-122.43157,37.76931],[-122.43246,37.76925],[-122.43357,37.76918],[-122.43489,37.76911],[-122.43579,37.76906],[-122.43562,37.76733],[-122.43648,37.76728],[-122.4373,37.76722],[-122.4382,37.76716],[-122.43817,37.76681],[-122.43829,37.76673],[-122.43839,37.76666],[-122.43856,37.7663],[-122.4395,37.76658],[-122.44124,37.76527],[-122.44193,37.7653],[-122.44209,37.76532],[-122.44321,37.76534],[-122.44335,37.76533],[-122.44326,37.76522],[-122.44328,37.76473],[-122.44322,37.76456],[-122.4432,37.76447],[-122.44295,37.76411],[-122.44295,37.76368],[-122.44292,37.76365],[-122.44292,37.7636],[-122.44297,37.76352],[-122.44309,37.76344],[-122.44321,37.76342],[-122.44358,37.76338],[-122.4437,37.76332],[-122.4438,37.7633],[-122.44386,37.76327],[-122.44461,37.76258],[-122.44467,37.7625],[-122.44472,37.76244],[-122.44492,37.76234],[-122.44522,37.76195],[-122.44531,37.76188],[-122.44638,37.76182],[-122.44678,37.76178],[-122.44653,37.7614],[-122.44641,37.76109],[-122.44643,37.76101],[-122.44658,37.7609],[-122.44687,37.76042],[-122.44695,37.76017],[-122.44716,37.75966],[-122.44723,37.75957],[-122.4474,37.75937],[-122.44768,37.75919],[-122.44808,37.75909],[-122.44854,37.75905],[-122.44858,37.75965],[-122.44922,37.75961],[-122.45155,37.75947],[-122.45182,37.75945],[-122.4527,37.7593],[-122.45331,37.75918],[-122.45334,37.75916],[-122.45355,37.75905],[-122.454,37.75878],[-122.45408,37.7588],[-122.45445,37.7588],[-122.45494,37.75875],[-122.45527,37.75902],[-122.45577,37.75901],[-122.4566,37.75923],[-122.4568,37.75943],[-122.45685,37.75962],[-122.45681,37.7598],[-122.45667,37.75992],[-122.45633,37.76005],[-122.45594,37.76024],[-122.45586,37.76048],[-122.45589,37.76077],[-122.45611,37.76091],[-122.45664,37.7611],[-122.45705,37.76114],[-122.45754,37.76109],[-122.45791,37.761],[-122.45917,37.76191],[-122.45699,37.76184],[-122.45685,37.76195],[-122.45665,37.76213],[-122.4565,37.76233],[-122.45634,37.76254],[-122.45631,37.76264],[-122.45629,37.7628],[-122.45618,37.76299],[-122.45612,37.76321],[-122.4561,37.7634],[-122.45607,37.7636],[-122.45601,37.76377],[-122.456,37.7639],[-122.45604,37.764],[-122.45642,37.76388],[-122.45667,37.76382],[-122.45754,37.76357],[-122.4577,37.76455],[-122.45772,37.76481],[-122.45776,37.76535],[-122.45779,37.76582],[-122.45779,37.76601],[-122.45791,37.76601],[-122.45818,37.76609],[-122.45841,37.76616],[-122.45877,37.76622],[-122.45885,37.76623],[-122.45894,37.76623],[-122.45927,37.76622],[-122.45972,37.7662],[-122.45983,37.7662],[-122.46002,37.76617],[-122.46109,37.76613],[-122.4611,37.76621],[-122.4612,37.7662],[-122.46211,37.76616],[-122.46217,37.76614],[-122.46229,37.76615],[-122.46316,37.76611],[-122.46324,37.76611],[-122.46323,37.76605],[-122.4643,37.76596],[-122.46538,37.76594],[-122.46538,37.76602],[-122.4655,37.76601],[-122.46632,37.76598],[-122.46644,37.76597],[-122.46656,37.76597],[-122.46735,37.76593],[-122.46752,37.76592],[-122.46763,37.76592],[-122.46844,37.76588],[-122.46858,37.76587],[-122.4687,37.76587],[-122.46953,37.76583],[-122.46966,37.76582],[-122.46979,37.76582],[-122.47061,37.76579],[-122.47073,37.76578],[-122.47086,37.76578],[-122.4717,37.76574],[-122.4718,37.76572],[-122.47192,37.76573],[-122.4728,37.76569],[-122.47293,37.76568],[-122.47304,37.76568],[-122.47394,37.76564],[-122.47405,37.76563],[-122.47416,37.76563],[-122.47502,37.76559],[-122.47512,37.76558],[-122.47525,37.76558],[-122.47606,37.76554],[-122.47619,37.76554],[-122.47631,37.76553],[-122.47713,37.7655],[-122.47726,37.76549],[-122.47738,37.76548],[-122.4774,37.76581],[-122.47742,37.76606]]]},"properties":{"zipCode":"94117"}},{"type":"Feature","geometry":{"type":"Polygon","coordinates":[[[-122.4277,37.76564],[-122.42694,37.76572],[-122.42656,37.76577],[-122.42642,37.76578],[-122.42646,37.76627],[-122.42652,37.76705],[-122.42659,37.76787],[-122.42671,37.76898],[-122.42686,37.76904],[-122.42695,37.76917],[-122.42656,37.76948],[-122.4264,37.7696],[-122.42493,37.77078],[-122.42364,37.77183],[-122.4234,37.77197],[-122.42327,37.77206],[-122.42262,37.7725],[-122.42219,37.77291],[-122.42199,37.77307],[-122.42192,37.77312],[-122.42132,37.77359],[-122.42109,37.77378],[-122.42071,37.77408],[-122.42025,37.77436],[-122.42018,37.77446],[-122.41968,37.77487],[-122.41933,37.77521],[-122.41931,37.77523],[-122.41922,37.77532],[-122.4187,37.77564],[-122.41762,37.7766],[-122.41629,37.77749],[-122.41626,37.77757],[-122.41601,37.77777],[-122.41484,37.7787],[-122.41478,37.77874],[-122.41472,37.77879],[-122.41337,37.77986],[-122.41261,37.78046],[-122.41255,37.78051],[-122.41249,37.78055],[-122.41199,37.78095],[-122.4117,37.78118],[-122.41146,37.78137],[-122.41039,37.78221],[-122.41034,37.78224],[-122.41027,37.78231],[-122.41005,37.78248],[-122.40918,37.78316],[-122.40909,37.78313],[-122.40902,37.78311],[-122.40858,37.78343],[-122.40856,37.78354],[-122.40868,37.78344],[-122.40869,37.78356],[-122.40816,37.78397],[-122.4081,37.78402],[-122.40745,37.7846],[-122.40629,37.78551],[-122.40606,37.78576],[-122.40474,37.78678],[-122.40346,37.78778],[-122.40343,37.78764],[-122.40284,37.78805],[-122.40229,37.78762],[-122.40187,37.78728],[-122.40183,37.78727],[-122.40258,37.78668],[-122.40203,37.78625],[-122.40149,37.78583],[-122.40116,37.78557],[-122.40099,37.78544],[-122.40047,37.78503],[-122.39937,37.7859],[-122.39891,37.78554],[-122.39868,37.78535],[-122.39781,37.78467],[-122.39833,37.78426],[-122.39893,37.78379],[-122.40037,37.78264],[-122.40116,37.78202],[-122.40193,37.78142],[-122.40225,37.78117],[-122.40339,37.78027],[-122.40443,37.77944],[-122.40562,37.7785],[-122.40507,37.77807],[-122.40461,37.7777],[-122.40407,37.77727],[-122.40367,37.77696],[-122.40306,37.77733],[-122.40286,37.77717],[-122.40198,37.77647],[-122.40252,37.77604],[-122.40098,37.77481],[-122.40057,37.77448],[-122.40021,37.7742],[-122.39943,37.77357],[-122.3995,37.77352],[-122.39952,37.77351],[-122.39962,37.77343],[-122.39965,37.7734],[-122.40166,37.77182],[-122.40388,37.77006],[-122.40362,37.76989],[-122.40341,37.76981],[-122.40304,37.76983],[-122.4024,37.76987],[-122.40207,37.76988],[-122.40199,37.76903],[-122.40196,37.76871],[-122.40184,37.76743],[-122.40088,37.76749],[-122.40068,37.7675],[-122.40043,37.7673],[-122.39968,37.7667],[-122.3998,37.76659],[-122.39976,37.76625],[-122.40076,37.76619],[-122.40063,37.7649],[-122.40051,37.76362],[-122.40148,37.76356],[-122.4016,37.76484],[-122.40256,37.76478],[-122.40353,37.76472],[-122.4045,37.76466],[-122.40484,37.76464],[-122.40509,37.76463],[-122.40546,37.76461],[-122.40643,37.76455],[-122.40742,37.76449],[-122.40842,37.76443],[-122.40939,37.76437],[-122.41036,37.76431],[-122.41049,37.76561],[-122.41146,37.76555],[-122.41242,37.76549],[-122.41311,37.76545],[-122.41472,37.76535],[-122.41531,37.76532],[-122.41639,37.76525],[-122.41749,37.76518],[-122.41858,37.76512],[-122.4187,37.76511],[-122.41967,37.76505],[-122.42048,37.765],[-122.42058,37.765],[-122.4209,37.76498],[-122.42124,37.76496],[-122.42138,37.76495],[-122.42152,37.76494],[-122.42189,37.76492],[-122.42263,37.76487],[-122.42285,37.76486],[-122.42311,37.76484],[-122.42406,37.76479],[-122.42415,37.76478],[-122.42457,37.76476],[-122.42629,37.76465],[-122.42644,37.76464],[-122.42756,37.76457],[-122.4276,37.76493],[-122.42764,37.76501],[-122.4277,37.76564]]]},"properties":{"zipCode":"94103"}},{"type":"Feature","geometry":{"type":"Polygon","coordinates":[[[-122.42985,37.77792],[-122.42977,37.77793],[-122.42915,37.77801],[-122.42891,37.77804],[-122.42808,37.77814],[-122.42818,37.77863],[-122.42819,37.77909],[-122.42683,37.77926],[-122.4269,37.77961],[-122.42702,37.78019],[-122.4272,37.78112],[-122.42731,37.78165],[-122.4274,37.78206],[-122.42411,37.78248],[-122.42392,37.78154],[-122.42239,37.78173],[-122.42229,37.78175],[-122.42229,37.78184],[-122.42237,37.78222],[-122.42246,37.78269],[-122.42091,37.78288],[-122.42081,37.78242],[-122.42074,37.78205],[-122.42069,37.78195],[-122.42054,37.78197],[-122.41899,37.78217],[-122.41912,37.78279],[-122.41918,37.7831],[-122.41846,37.78319],[-122.41806,37.78324],[-122.41753,37.78331],[-122.41588,37.78352],[-122.41459,37.78368],[-122.41424,37.78372],[-122.41435,37.78424],[-122.41443,37.78466],[-122.41452,37.78511],[-122.41457,37.78533],[-122.41462,37.78558],[-122.41471,37.78604],[-122.41481,37.78652],[-122.41382,37.78665],[-122.4137,37.78666],[-122.41357,37.78668],[-122.41316,37.78673],[-122.4133,37.78738],[-122.41335,37.78766],[-122.41274,37.78774],[-122.41253,37.78777],[-122.41234,37.78779],[-122.41241,37.78809],[-122.41176,37.78817],[-122.41182,37.78848],[-122.41189,37.78881],[-122.41125,37.78889],[-122.41103,37.78892],[-122.41097,37.78892],[-122.4109,37.78893],[-122.41056,37.78898],[-122.41024,37.78902],[-122.4086,37.78923],[-122.4084,37.78829],[-122.40677,37.7885],[-122.40668,37.78803],[-122.40659,37.78757],[-122.4064,37.78661],[-122.40535,37.78675],[-122.40485,37.78681],[-122.40474,37.78678],[-122.40606,37.78576],[-122.40629,37.78551],[-122.40745,37.7846],[-122.4081,37.78402],[-122.40816,37.78397],[-122.40869,37.78356],[-122.40868,37.78344],[-122.40856,37.78354],[-122.40858,37.78343],[-122.40902,37.78311],[-122.40909,37.78313],[-122.40918,37.78316],[-122.41005,37.78248],[-122.41027,37.78231],[-122.41034,37.78224],[-122.41039,37.78221],[-122.41146,37.78137],[-122.4117,37.78118],[-122.41199,37.78095],[-122.41249,37.78055],[-122.41255,37.78051],[-122.41261,37.78046],[-122.41337,37.77986],[-122.41472,37.77879],[-122.41478,37.77874],[-122.41484,37.7787],[-122.41601,37.77777],[-122.41626,37.77757],[-122.41629,37.77749],[-122.41762,37.7766],[-122.4187,37.77564],[-122.41922,37.77532],[-122.41931,37.77523],[-122.41933,37.77521],[-122.41968,37.77487],[-122.42018,37.77446],[-122.42025,37.77436],[-122.42071,37.77408],[-122.42109,37.77378],[-122.42132,37.77359],[-122.42192,37.77312],[-122.42199,37.77307],[-122.42219,37.77291],[-122.42262,37.7725],[-122.42327,37.77206],[-122.4234,37.77197],[-122.42364,37.77183],[-122.42493,37.77078],[-122.4264,37.7696],[-122.42668,37.76953],[-122.42822,37.76944],[-122.42828,37.7697],[-122.42843,37.77045],[-122.42852,37.77092],[-122.42861,37.77138],[-122.42871,37.77185],[-122.4288,37.77232],[-122.42889,37.77275],[-122.42899,37.77325],[-122.42909,37.77372],[-122.42918,37.77418],[-122.42927,37.77465],[-122.42937,37.77511],[-122.42946,37.77558],[-122.42955,37.77604],[-122.42962,37.77633],[-122.42963,37.77651],[-122.42968,37.7766],[-122.42976,37.77697],[-122.42993,37.77791],[-122.42985,37.77792]]]},"properties":{"zipCode":"94102"}},{"type":"Feature","geometry":{"type":"Polygon","coordinates":[[[-122.44768,37.7917],[-122.4463,37.79188],[-122.44645,37.79281],[-122.44484,37.79301],[-122.44319,37.79322],[-122.44152,37.79344],[-122.44158,37.79372],[-122.44171,37.79439],[-122.44087,37.79449],[-122.44068,37.79354],[-122.43985,37.79365],[-122.43821,37.79385],[-122.43657,37.79406],[-122.43664,37.7944],[-122.43676,37.79502],[-122.43511,37.79523],[-122.43492,37.79427],[-122.43327,37.79447],[-122.43337,37.79497],[-122.43347,37.79544],[-122.43183,37.79564],[-122.43018,37.79585],[-122.43014,37.79566],[-122.43007,37.79527],[-122.42999,37.79489],[-122.4298,37.79398],[-122.42963,37.7931],[-122.42945,37.79222],[-122.42927,37.79134],[-122.42909,37.79046],[-122.42891,37.78953],[-122.42871,37.78858],[-122.42853,37.78765],[-122.42834,37.78671],[-122.42824,37.78625],[-122.42815,37.78578],[-122.42801,37.78506],[-122.42797,37.78487],[-122.4278,37.78401],[-122.42778,37.78392],[-122.42758,37.78299],[-122.42749,37.78252],[-122.4274,37.78206],[-122.42731,37.78165],[-122.4272,37.78112],[-122.42702,37.78019],[-122.4269,37.77961],[-122.42683,37.77926],[-122.42819,37.77909],[-122.42818,37.77863],[-122.42808,37.77814],[-122.42891,37.77804],[-122.42915,37.77801],[-122.42977,37.77793],[-122.42985,37.77792],[-122.42993,37.77791],[-122.43012,37.77884],[-122.43065,37.77877],[-122.43088,37.77875],[-122.43176,37.77863],[-122.43284,37.7785],[-122.43341,37.77842],[-122.43505,37.77821],[-122.4367,37.77801],[-122.43824,37.77781],[-122.43831,37.7778],[-122.43844,37.77779],[-122.43881,37.77774],[-122.43943,37.77766],[-122.44003,37.77759],[-122.43984,37.77664],[-122.44034,37.77658],[-122.44149,37.77644],[-122.44163,37.77716],[-122.44168,37.77737],[-122.44332,37.77716],[-122.44497,37.77696],[-122.44516,37.77789],[-122.44535,37.77884],[-122.44604,37.77875],[-122.4461,37.77891],[-122.44613,37.77905],[-122.44623,37.77943],[-122.44628,37.77975],[-122.44629,37.77996],[-122.4462,37.78003],[-122.44544,37.78013],[-122.44548,37.78073],[-122.44551,37.78088],[-122.44558,37.78132],[-122.44528,37.78136],[-122.44495,37.78147],[-122.44461,37.78164],[-122.44426,37.78178],[-122.44383,37.78187],[-122.44443,37.78257],[-122.44571,37.78241],[-122.44582,37.78249],[-122.4458,37.78251],[-122.44583,37.78251],[-122.44591,37.78292],[-122.44603,37.78351],[-122.44625,37.78444],[-122.44642,37.78537],[-122.44762,37.78508],[-122.44762,37.7852],[-122.44761,37.78528],[-122.44753,37.78541],[-122.44685,37.78619],[-122.44661,37.7863],[-122.44679,37.78726],[-122.44697,37.78819],[-122.44715,37.78907],[-122.44733,37.78994],[-122.4475,37.79082],[-122.44768,37.7917]]]},"properties":{"zipCode":"94115"}},{"type":"Feature","geometry":{"type":"Polygon","coordinates":[[[-122.43261,37.8085],[-122.43258,37.80852],[-122.43234,37.80852],[-122.43208,37.80722],[-122.432,37.80718],[-122.43144,37.80725],[-122.43139,37.80731],[-122.43173,37.80902],[-122.43134,37.80906],[-122.431,37.80737],[-122.43092,37.80732],[-122.43036,37.80739],[-122.4303,37.80746],[-122.43062,37.80917],[-122.43011,37.80922],[-122.42984,37.80783],[-122.42926,37.8079],[-122.42927,37.80797],[-122.42824,37.80841],[-122.427,37.80811],[-122.427,37.80814],[-122.42755,37.80864],[-122.42801,37.80857],[-122.42804,37.8087],[-122.42753,37.80878],[-122.42752,37.80874],[-122.4273,37.80877],[-122.42729,37.80871],[-122.42749,37.80868],[-122.42691,37.80815],[-122.42684,37.80811],[-122.42672,37.80817],[-122.42682,37.80862],[-122.42681,37.8087],[-122.42683,37.8088],[-122.42683,37.80882],[-122.42683,37.80897],[-122.42685,37.80902],[-122.42682,37.80907],[-122.42681,37.80921],[-122.42677,37.80939],[-122.4267,37.80957],[-122.42667,37.80964],[-122.42663,37.80974],[-122.42653,37.80991],[-122.42641,37.81006],[-122.42628,37.81021],[-122.42622,37.81027],[-122.42617,37.81031],[-122.42615,37.81033],[-122.42601,37.81044],[-122.42587,37.81052],[-122.42574,37.81059],[-122.42556,37.81066],[-122.42538,37.81072],[-122.42522,37.81076],[-122.42506,37.81078],[-122.4249,37.81079],[-122.42488,37.8108],[-122.4259,37.81206],[-122.42518,37.81263],[-122.42458,37.81273],[-122.42449,37.81273],[-122.42248,37.81283],[-122.42108,37.81289],[-122.42081,37.81188],[-122.42081,37.81185],[-122.42002,37.80884],[-122.41969,37.80868],[-122.41922,37.80845],[-122.41921,37.80839],[-122.41909,37.8078],[-122.42074,37.80759],[-122.42056,37.80666],[-122.41958,37.80678],[-122.41891,37.80686],[-122.41878,37.80624],[-122.41872,37.80593],[-122.41853,37.805],[-122.41845,37.80458],[-122.41834,37.80407],[-122.41828,37.80402],[-122.41822,37.80369],[-122.41826,37.80365],[-122.41815,37.80313],[-122.41905,37.80302],[-122.4198,37.80293],[-122.41961,37.802],[-122.4195,37.80197],[-122.41948,37.80199],[-122.41939,37.80207],[-122.41936,37.80209],[-122.4193,37.80208],[-122.41922,37.80198],[-122.41919,37.80198],[-122.41915,37.80199],[-122.41907,37.80211],[-122.41904,37.80213],[-122.419,37.80212],[-122.41897,37.8021],[-122.4189,37.80203],[-122.41888,37.80202],[-122.41884,37.80203],[-122.41882,37.80205],[-122.41875,37.80215],[-122.41872,37.80216],[-122.41869,37.80217],[-122.41866,37.80216],[-122.41857,37.80207],[-122.41855,37.80206],[-122.41852,37.80206],[-122.4185,37.80207],[-122.41841,37.8022],[-122.41837,37.80221],[-122.41834,37.80221],[-122.41824,37.80211],[-122.41822,37.8021],[-122.41806,37.80222],[-122.41802,37.80222],[-122.41797,37.8022],[-122.41788,37.80171],[-122.4178,37.80127],[-122.4177,37.80084],[-122.41759,37.80034],[-122.41749,37.79991],[-122.41739,37.79941],[-122.41739,37.79932],[-122.41735,37.79913],[-122.41731,37.79894],[-122.41722,37.79847],[-122.41557,37.79868],[-122.41548,37.79821],[-122.41538,37.79775],[-122.41529,37.79729],[-122.41519,37.79681],[-122.41518,37.79674],[-122.41517,37.7967],[-122.41517,37.79668],[-122.41516,37.79665],[-122.41509,37.79632],[-122.41501,37.79588],[-122.41483,37.79499],[-122.41465,37.79411],[-122.41464,37.79405],[-122.4146,37.79385],[-122.41447,37.79322],[-122.41438,37.79278],[-122.41429,37.79234],[-122.41411,37.79142],[-122.41392,37.79046],[-122.4133,37.79054],[-122.41309,37.79057],[-122.41227,37.79067],[-122.41215,37.79012],[-122.41208,37.78974],[-122.41189,37.78881],[-122.41182,37.78848],[-122.41176,37.78817],[-122.41241,37.78809],[-122.41234,37.78779],[-122.41253,37.78777],[-122.41274,37.78774],[-122.41335,37.78766],[-122.4133,37.78738],[-122.41316,37.78673],[-122.41357,37.78668],[-122.4137,37.78666],[-122.41382,37.78665],[-122.41481,37.78652],[-122.41471,37.78604],[-122.41462,37.78558],[-122.41457,37.78533],[-122.41452,37.78511],[-122.41443,37.78466],[-122.41435,37.78424],[-122.41424,37.78372],[-122.41459,37.78368],[-122.41588,37.78352],[-122.41753,37.78331],[-122.41806,37.78324],[-122.41846,37.78319],[-122.41918,37.7831],[-122.41912,37.78279],[-122.41899,37.78217],[-122.42054,37.78197],[-122.42069,37.78195],[-122.42074,37.78205],[-122.42081,37.78242],[-122.42091,37.78288],[-122.42246,37.78269],[-122.42237,37.78222],[-122.42229,37.78184],[-122.42229,37.78175],[-122.42239,37.78173],[-122.42392,37.78154],[-122.42411,37.78248],[-122.4274,37.78206],[-122.42749,37.78252],[-122.42758,37.78299],[-122.42778,37.78392],[-122.4278,37.78401],[-122.42797,37.78487],[-122.42801,37.78506],[-122.42815,37.78578],[-122.42824,37.78625],[-122.42834,37.78671],[-122.42853,37.78765],[-122.42871,37.78858],[-122.42891,37.78953],[-122.42909,37.79046],[-122.42927,37.79134],[-122.42945,37.79222],[-122.42963,37.7931],[-122.4298,37.79398],[-122.42999,37.79489],[-122.43007,37.79527],[-122.43014,37.79566],[-122.43018,37.79585],[-122.42957,37.79593],[-122.4286,37.79605],[-122.42854,37.79606],[-122.42792,37.79614],[-122.42751,37.79619],[-122.42689,37.79627],[-122.42525,37.79648],[-122.42448,37.79658],[-122.42371,37.79668],[-122.42373,37.79677],[-122.42381,37.79716],[-122.42388,37.79751],[-122.42389,37.7976],[-122.42391,37.7977],[-122.42407,37.79845],[-122.42408,37.79854],[-122.4241,37.79863],[-122.42425,37.79938],[-122.42428,37.79947],[-122.42429,37.79957],[-122.42444,37.80031],[-122.42446,37.8004],[-122.426,37.80021],[-122.42611,37.80074],[-122.42617,37.80107],[-122.42471,37.80125],[-122.42461,37.8013],[-122.42467,37.80143],[-122.42482,37.80218],[-122.42484,37.80227],[-122.42507,37.80224],[-122.42638,37.80207],[-122.42657,37.803],[-122.42502,37.80319],[-122.42504,37.80329],[-122.42519,37.80403],[-122.42521,37.80413],[-122.42565,37.80408],[-122.42676,37.80394],[-122.42769,37.80382],[-122.4284,37.80373],[-122.43005,37.80352],[-122.43168,37.80327],[-122.43179,37.80381],[-122.43187,37.80425],[-122.43195,37.80462],[-122.43205,37.80512],[-122.43209,37.8052],[-122.43235,37.80598],[-122.43232,37.80598],[-122.43227,37.80602],[-122.43223,37.80602],[-122.43219,37.80604],[-122.43218,37.80606],[-122.43217,37.8061],[-122.43218,37.80615],[-122.43221,37.80615],[-122.43223,37.80621],[-122.4322,37.80624],[-122.43221,37.80629],[-122.43222,37.80634],[-122.43231,37.8068],[-122.43238,37.8071],[-122.43257,37.80848],[-122.43262,37.80849],[-122.43261,37.8085]]]},"properties":{"zipCode":"94109"}},{"type":"Feature","geometry":{"type":"Polygon","coordinates":[[[-122.40346,37.78778],[-122.40291,37.78811],[-122.40281,37.7882],[-122.40207,37.78872],[-122.40197,37.78884],[-122.40194,37.78888],[-122.40175,37.78903],[-122.40153,37.7892],[-122.40148,37.78924],[-122.4014,37.7893],[-122.40135,37.78935],[-122.40015,37.79029],[-122.3999,37.79049],[-122.39951,37.79081],[-122.39926,37.791],[-122.3992,37.79106],[-122.39912,37.7911],[-122.39837,37.79169],[-122.3983,37.79175],[-122.39824,37.7918],[-122.39749,37.79239],[-122.39743,37.79244],[-122.39736,37.79249],[-122.39661,37.79308],[-122.39655,37.79313],[-122.39632,37.79334],[-122.39639,37.79366],[-122.39659,37.79459],[-122.39432,37.795],[-122.39421,37.79487],[-122.39387,37.79462],[-122.39355,37.79442],[-122.39347,37.79436],[-122.39327,37.79424],[-122.39306,37.7941],[-122.3928,37.79389],[-122.39258,37.7937],[-122.39241,37.79381],[-122.39218,37.79393],[-122.39198,37.79387],[-122.39149,37.79386],[-122.38898,37.79663],[-122.38778,37.79513],[-122.38525,37.79157],[-122.38512,37.79139],[-122.38567,37.79089],[-122.38564,37.79084],[-122.38551,37.79055],[-122.38552,37.79053],[-122.38569,37.79045],[-122.38632,37.79023],[-122.38639,37.79021],[-122.38735,37.78931],[-122.38789,37.7888],[-122.38787,37.78873],[-122.38774,37.78826],[-122.38772,37.78804],[-122.38766,37.78731],[-122.38767,37.78718],[-122.3877,37.7871],[-122.38799,37.7871],[-122.38839,37.7871],[-122.38859,37.78705],[-122.38878,37.7869],[-122.38964,37.78622],[-122.38978,37.78618],[-122.39042,37.78567],[-122.39097,37.78523],[-122.39125,37.78492],[-122.3913,37.78486],[-122.39136,37.7848],[-122.39159,37.78459],[-122.39212,37.78421],[-122.39222,37.78428],[-122.39225,37.78431],[-122.39159,37.78487],[-122.39148,37.78501],[-122.3914,37.78515],[-122.39137,37.78528],[-122.39136,37.78541],[-122.39138,37.78554],[-122.3914,37.7856],[-122.39117,37.78576],[-122.39096,37.78592],[-122.39064,37.78619],[-122.3904,37.78645],[-122.39018,37.78666],[-122.3908,37.78617],[-122.39112,37.78593],[-122.39144,37.7857],[-122.39147,37.78568],[-122.39164,37.78557],[-122.39166,37.78556],[-122.39175,37.78551],[-122.39183,37.78546],[-122.39186,37.78544],[-122.39228,37.78537],[-122.39262,37.78521],[-122.39299,37.78508],[-122.39332,37.78501],[-122.39358,37.785],[-122.39391,37.78502],[-122.39419,37.78508],[-122.39416,37.7851],[-122.39414,37.78511],[-122.3941,37.78515],[-122.39402,37.78521],[-122.39461,37.78555],[-122.39508,37.78593],[-122.39565,37.78638],[-122.39576,37.78629],[-122.39581,37.78625],[-122.39584,37.78623],[-122.39671,37.78554],[-122.39781,37.78467],[-122.39868,37.78535],[-122.39891,37.78554],[-122.39937,37.7859],[-122.40047,37.78503],[-122.40099,37.78544],[-122.40116,37.78557],[-122.40149,37.78583],[-122.40203,37.78625],[-122.40258,37.78668],[-122.40183,37.78727],[-122.40187,37.78728],[-122.40229,37.78762],[-122.40284,37.78805],[-122.40343,37.78764],[-122.40346,37.78778]]]},"properties":{"zipCode":"94105"}},{"type":"Feature","geometry":{"type":"Polygon","coordinates":[[[-122.41483,37.79499],[-122.4146,37.79502],[-122.41401,37.79509],[-122.41319,37.7952],[-122.41234,37.79531],[-122.41189,37.79536],[-122.41154,37.79541],[-122.41108,37.79547],[-122.4099,37.79562],[-122.40955,37.79566],[-122.40934,37.79569],[-122.40908,37.79572],[-122.40874,37.79576],[-122.40871,37.79577],[-122.40825,37.79582],[-122.4078,37.79588],[-122.40756,37.79591],[-122.40743,37.79593],[-122.40732,37.79594],[-122.40708,37.79597],[-122.40665,37.79603],[-122.40635,37.79606],[-122.40623,37.79608],[-122.40586,37.79612],[-122.40514,37.79621],[-122.40484,37.79625],[-122.40441,37.7963],[-122.40407,37.79606],[-122.40332,37.79553],[-122.40496,37.79533],[-122.40488,37.79486],[-122.4048,37.79445],[-122.40471,37.79402],[-122.40461,37.79357],[-122.40442,37.79264],[-122.40422,37.79169],[-122.40403,37.79076],[-122.40393,37.79029],[-122.40384,37.78983],[-122.40375,37.78936],[-122.40366,37.78889],[-122.40358,37.78843],[-122.40349,37.78796],[-122.40346,37.78778],[-122.40474,37.78678],[-122.40485,37.78681],[-122.40535,37.78675],[-122.4064,37.78661],[-122.40659,37.78757],[-122.40668,37.78803],[-122.40677,37.7885],[-122.4084,37.78829],[-122.4086,37.78923],[-122.41024,37.78902],[-122.41056,37.78898],[-122.4109,37.78893],[-122.41097,37.78892],[-122.41103,37.78892],[-122.41125,37.78889],[-122.41189,37.78881],[-122.41208,37.78974],[-122.41215,37.79012],[-122.41227,37.79067],[-122.41309,37.79057],[-122.4133,37.79054],[-122.41392,37.79046],[-122.41411,37.79142],[-122.41429,37.79234],[-122.41438,37.79278],[-122.41447,37.79322],[-122.4146,37.79385],[-122.41464,37.79405],[-122.41465,37.79411],[-122.41483,37.79499]]]},"properties":{"zipCode":"94108"}},{"type":"Feature","geometry":{"type":"Polygon","coordinates":[[[-122.40461,37.79357],[-122.40402,37.79365],[-122.40296,37.79378],[-122.40216,37.79388],[-122.40132,37.79399],[-122.40123,37.79354],[-122.40006,37.79369],[-122.39996,37.79321],[-122.39976,37.79226],[-122.39957,37.79133],[-122.39949,37.79133],[-122.3992,37.79106],[-122.39926,37.791],[-122.39951,37.79081],[-122.3999,37.79049],[-122.40015,37.79029],[-122.40135,37.78935],[-122.4014,37.7893],[-122.40148,37.78924],[-122.40153,37.7892],[-122.40175,37.78903],[-122.40194,37.78888],[-122.40197,37.78884],[-122.40207,37.78872],[-122.40281,37.7882],[-122.40291,37.78811],[-122.40346,37.78778],[-122.40349,37.78796],[-122.40358,37.78843],[-122.40366,37.78889],[-122.40375,37.78936],[-122.40384,37.78983],[-122.40393,37.79029],[-122.40403,37.79076],[-122.40422,37.79169],[-122.40442,37.79264],[-122.40461,37.79357]]]},"properties":{"zipCode":"94104"}},{"type":"Feature","geometry":{"type":"Polygon","coordinates":[[[-122.40595,37.80466],[-122.40517,37.80476],[-122.40536,37.8057],[-122.40592,37.80646],[-122.40578,37.80658],[-122.40566,37.80667],[-122.40549,37.80659],[-122.40453,37.80611],[-122.40432,37.80596],[-122.40349,37.80533],[-122.4035,37.80509],[-122.40316,37.80512],[-122.40227,37.80513],[-122.40179,37.80531],[-122.40059,37.80602],[-122.39848,37.80723],[-122.39338,37.80193],[-122.38898,37.79663],[-122.39149,37.79386],[-122.39198,37.79387],[-122.39218,37.79393],[-122.39241,37.79381],[-122.39258,37.7937],[-122.3928,37.79389],[-122.39306,37.7941],[-122.39327,37.79424],[-122.39347,37.79436],[-122.39355,37.79442],[-122.39387,37.79462],[-122.39421,37.79487],[-122.39432,37.795],[-122.39659,37.79459],[-122.39639,37.79366],[-122.39632,37.79334],[-122.39655,37.79313],[-122.39661,37.79308],[-122.39736,37.79249],[-122.39743,37.79244],[-122.39749,37.79239],[-122.39824,37.7918],[-122.3983,37.79175],[-122.39837,37.79169],[-122.39912,37.7911],[-122.3992,37.79106],[-122.39949,37.79133],[-122.39957,37.79133],[-122.39976,37.79226],[-122.39996,37.79321],[-122.40006,37.79369],[-122.40123,37.79354],[-122.40132,37.79399],[-122.40216,37.79388],[-122.40296,37.79378],[-122.40402,37.79365],[-122.40461,37.79357],[-122.40471,37.79402],[-122.4048,37.79445],[-122.40488,37.79486],[-122.40496,37.79533],[-122.40332,37.79553],[-122.40407,37.79606],[-122.40441,37.7963],[-122.4035,37.79642],[-122.40355,37.79667],[-122.40246,37.79681],[-122.40191,37.79688],[-122.40204,37.79751],[-122.40219,37.79825],[-122.40223,37.79843],[-122.40242,37.79938],[-122.4026,37.80031],[-122.40279,37.80124],[-122.40288,37.8017],[-122.40297,37.80217],[-122.40316,37.8031],[-122.40352,37.80306],[-122.4048,37.8029],[-122.40499,37.80383],[-122.40531,37.80374],[-122.40543,37.80371],[-122.40557,37.80369],[-122.40563,37.80371],[-122.40568,37.80375],[-122.40573,37.80379],[-122.40579,37.80387],[-122.40595,37.80466]]]},"properties":{"zipCode":"94111"}},{"type":"Feature","geometry":{"type":"Polygon","coordinates":[[[-122.5149,37.77985],[-122.51475,37.77987],[-122.51464,37.77982],[-122.51457,37.7799],[-122.51454,37.78008],[-122.51451,37.78027],[-122.51448,37.78043],[-122.51447,37.7806],[-122.51465,37.78086],[-122.51472,37.78113],[-122.51467,37.7812],[-122.51459,37.7813],[-122.51447,37.7813],[-122.51429,37.78128],[-122.5143,37.78135],[-122.51429,37.78143],[-122.51424,37.78146],[-122.51387,37.78143],[-122.51376,37.78148],[-122.51388,37.78161],[-122.51381,37.78174],[-122.5137,37.78189],[-122.51367,37.78198],[-122.51352,37.78208],[-122.51347,37.78219],[-122.51355,37.78229],[-122.51359,37.7824],[-122.5135,37.78243],[-122.51346,37.78252],[-122.51349,37.78258],[-122.5135,37.78263],[-122.5135,37.7827],[-122.51344,37.78278],[-122.51331,37.78282],[-122.51318,37.78275],[-122.5131,37.78277],[-122.51308,37.7829],[-122.51299,37.78304],[-122.51302,37.78314],[-122.51303,37.7832],[-122.51288,37.78324],[-122.51285,37.78335],[-122.51281,37.78347],[-122.51271,37.78355],[-122.51252,37.78362],[-122.51247,37.78374],[-122.51265,37.78387],[-122.51271,37.78393],[-122.51265,37.78402],[-122.51268,37.78412],[-122.51257,37.78415],[-122.5123,37.78394],[-122.51211,37.78379],[-122.51192,37.78395],[-122.51194,37.7841],[-122.512,37.78416],[-122.51201,37.78424],[-122.51198,37.78429],[-122.51191,37.78433],[-122.5118,37.78431],[-122.51164,37.78434],[-122.51149,37.78429],[-122.5113,37.78428],[-122.51133,37.78443],[-122.51131,37.78455],[-122.51123,37.78459],[-122.51103,37.78448],[-122.51097,37.7845],[-122.51084,37.78459],[-122.51075,37.78467],[-122.51049,37.7847],[-122.51037,37.7847],[-122.51024,37.78473],[-122.51017,37.7847],[-122.50999,37.78473],[-122.50985,37.78479],[-122.50981,37.78482],[-122.50972,37.7849],[-122.50967,37.785],[-122.50958,37.78513],[-122.50948,37.78523],[-122.50935,37.78531],[-122.50927,37.78534],[-122.50923,37.78544],[-122.50912,37.78559],[-122.5088,37.78575],[-122.50866,37.78575],[-122.50857,37.7858],[-122.50849,37.78586],[-122.50845,37.78594],[-122.50826,37.78607],[-122.50822,37.78612],[-122.50813,37.78616],[-122.5081,37.78614],[-122.50804,37.78614],[-122.50796,37.78617],[-122.50792,37.78624],[-122.50781,37.78636],[-122.50779,37.78638],[-122.50779,37.78642],[-122.50775,37.78641],[-122.50772,37.78643],[-122.50769,37.7865],[-122.50771,37.78659],[-122.50763,37.78673],[-122.50753,37.78684],[-122.50742,37.78688],[-122.50734,37.78694],[-122.50725,37.78704],[-122.5072,37.78715],[-122.50711,37.78727],[-122.50705,37.78728],[-122.50697,37.78745],[-122.5069,37.7875],[-122.50674,37.7875],[-122.50672,37.78744],[-122.50665,37.78746],[-122.50653,37.78748],[-122.50643,37.78759],[-122.50634,37.78765],[-122.50629,37.78771],[-122.50626,37.78777],[-122.50624,37.78779],[-122.50622,37.7878],[-122.50618,37.78784],[-122.50613,37.78786],[-122.50616,37.78791],[-122.50612,37.78797],[-122.50612,37.78805],[-122.50609,37.78817],[-122.50605,37.78819],[-122.50575,37.78825],[-122.50566,37.78826],[-122.50561,37.78824],[-122.50552,37.78825],[-122.50542,37.78824],[-122.50533,37.78825],[-122.5052,37.78826],[-122.50511,37.78822],[-122.50502,37.78815],[-122.50486,37.78813],[-122.50479,37.78814],[-122.50476,37.78813],[-122.50473,37.7881],[-122.50469,37.78808],[-122.50459,37.78808],[-122.5045,37.78806],[-122.50446,37.78807],[-122.50415,37.7881],[-122.50407,37.78812],[-122.50405,37.78811],[-122.504,37.78811],[-122.50385,37.78809],[-122.50361,37.78804],[-122.50353,37.78804],[-122.50349,37.78805],[-122.50346,37.78802],[-122.50337,37.78802],[-122.50334,37.78802],[-122.50326,37.78804],[-122.50323,37.78806],[-122.50325,37.78808],[-122.50321,37.78808],[-122.50315,37.78808],[-122.50308,37.7881],[-122.50301,37.78815],[-122.50296,37.78814],[-122.50293,37.78816],[-122.5029,37.78815],[-122.50284,37.78805],[-122.50279,37.78804],[-122.50271,37.78804],[-122.50252,37.78809],[-122.50243,37.7881],[-122.50238,37.78813],[-122.50232,37.78811],[-122.50226,37.78813],[-122.50217,37.7881],[-122.50211,37.78811],[-122.50207,37.78815],[-122.50207,37.78818],[-122.50195,37.78818],[-122.50191,37.78814],[-122.50191,37.78812],[-122.50188,37.78811],[-122.50188,37.78814],[-122.50184,37.78822],[-122.5018,37.78825],[-122.50177,37.78823],[-122.50173,37.78815],[-122.5017,37.78817],[-122.50168,37.78816],[-122.50162,37.78817],[-122.50157,37.7882],[-122.50159,37.78823],[-122.50153,37.78825],[-122.50151,37.78821],[-122.50146,37.78821],[-122.50144,37.78824],[-122.50134,37.78822],[-122.50116,37.7883],[-122.50109,37.78831],[-122.50101,37.78828],[-122.50097,37.7883],[-122.50099,37.78833],[-122.50095,37.78835],[-122.50088,37.78832],[-122.50086,37.7883],[-122.50083,37.78831],[-122.50081,37.78832],[-122.50076,37.78832],[-122.50074,37.7883],[-122.50071,37.78832],[-122.50064,37.78834],[-122.50059,37.78833],[-122.50055,37.78832],[-122.50054,37.78834],[-122.50049,37.78837],[-122.50046,37.78837],[-122.50045,37.78839],[-122.50034,37.78843],[-122.50027,37.78843],[-122.50026,37.78848],[-122.50025,37.78857],[-122.50019,37.78859],[-122.50018,37.78857],[-122.50018,37.78852],[-122.50013,37.78854],[-122.50009,37.78851],[-122.5001,37.78847],[-122.50007,37.78847],[-122.50007,37.78849],[-122.50001,37.78848],[-122.49997,37.78844],[-122.49988,37.78849],[-122.49981,37.78849],[-122.49976,37.78855],[-122.4998,37.78857],[-122.4998,37.78861],[-122.49976,37.78866],[-122.49973,37.78864],[-122.49973,37.78861],[-122.49969,37.78866],[-122.49963,37.78869],[-122.49958,37.7887],[-122.49955,37.78869],[-122.49951,37.78862],[-122.49948,37.78853],[-122.49943,37.78846],[-122.49934,37.78842],[-122.49927,37.78841],[-122.4992,37.78842],[-122.49913,37.7884],[-122.4991,37.78837],[-122.49904,37.78834],[-122.49896,37.78835],[-122.49892,37.78839],[-122.49889,37.78841],[-122.49885,37.78842],[-122.49883,37.78836],[-122.49886,37.78827],[-122.49881,37.78823],[-122.49878,37.78824],[-122.49872,37.78828],[-122.49869,37.78833],[-122.49861,37.78833],[-122.4986,37.78827],[-122.49862,37.78822],[-122.4986,37.78816],[-122.49854,37.78813],[-122.49851,37.78815],[-122.49848,37.78818],[-122.49839,37.78816],[-122.49836,37.78812],[-122.49837,37.78805],[-122.49826,37.78803],[-122.4982,37.78793],[-122.49814,37.78788],[-122.49802,37.78788],[-122.49797,37.78791],[-122.49794,37.78784],[-122.49786,37.78782],[-122.49783,37.78787],[-122.49786,37.78793],[-122.49784,37.78796],[-122.49778,37.78799],[-122.49773,37.78793],[-122.49768,37.78793],[-122.49762,37.78795],[-122.49754,37.78789],[-122.4975,37.78785],[-122.49755,37.78782],[-122.49753,37.78778],[-122.4975,37.78775],[-122.49752,37.7877],[-122.49749,37.78762],[-122.49746,37.78759],[-122.49741,37.78757],[-122.49736,37.78757],[-122.49732,37.7876],[-122.49728,37.78759],[-122.49722,37.78759],[-122.49717,37.78755],[-122.49711,37.78748],[-122.49705,37.78746],[-122.497,37.78746],[-122.49692,37.78744],[-122.4969,37.7874],[-122.49686,37.78737],[-122.49681,37.78735],[-122.49675,37.78737],[-122.49673,37.78734],[-122.49669,37.78736],[-122.49664,37.78731],[-122.49655,37.78729],[-122.49652,37.7873],[-122.49647,37.7873],[-122.49634,37.78733],[-122.49628,37.78733],[-122.49625,37.78735],[-122.49609,37.78742],[-122.49607,37.78744],[-122.49602,37.78745],[-122.49597,37.78747],[-122.49591,37.7875],[-122.49588,37.78751],[-122.49583,37.7875],[-122.49577,37.78754],[-122.49563,37.78755],[-122.4956,37.78757],[-122.49554,37.7876],[-122.49551,37.78762],[-122.49548,37.78763],[-122.49544,37.78765],[-122.49538,37.78766],[-122.49537,37.78768],[-122.49533,37.78772],[-122.49528,37.78774],[-122.49519,37.78775],[-122.49515,37.78775],[-122.49511,37.78775],[-122.49508,37.78776],[-122.49505,37.78778],[-122.49494,37.78779],[-122.49494,37.78782],[-122.49488,37.78784],[-122.49485,37.78783],[-122.4948,37.78783],[-122.49475,37.78789],[-122.49475,37.78795],[-122.49469,37.78808],[-122.4947,37.78814],[-122.49464,37.78814],[-122.49452,37.78802],[-122.49454,37.78796],[-122.49451,37.78791],[-122.49452,37.78783],[-122.49449,37.7878],[-122.49442,37.78782],[-122.49441,37.78784],[-122.49441,37.78788],[-122.4944,37.7879],[-122.49435,37.78789],[-122.49435,37.78782],[-122.49433,37.78782],[-122.49431,37.78781],[-122.49427,37.78781],[-122.49416,37.7878],[-122.49413,37.78775],[-122.49411,37.78773],[-122.49408,37.78767],[-122.494,37.78758],[-122.49398,37.78759],[-122.49394,37.7876],[-122.4939,37.78763],[-122.49385,37.78763],[-122.49378,37.78763],[-122.49374,37.78761],[-122.49368,37.78761],[-122.4935,37.78763],[-122.49346,37.78763],[-122.49342,37.78765],[-122.49339,37.78764],[-122.49334,37.78766],[-122.49329,37.78768],[-122.49324,37.78768],[-122.49319,37.78769],[-122.49318,37.78771],[-122.49313,37.78773],[-122.49309,37.78773],[-122.49306,37.78774],[-122.49302,37.78774],[-122.49297,37.78774],[-122.49296,37.78777],[-122.49291,37.78778],[-122.49286,37.78779],[-122.49286,37.78785],[-122.49283,37.78788],[-122.49277,37.78788],[-122.49277,37.78783],[-122.49274,37.78786],[-122.49268,37.78775],[-122.49263,37.78777],[-122.49245,37.78778],[-122.49238,37.78779],[-122.49231,37.78782],[-122.49218,37.78785],[-122.49212,37.78788],[-122.49208,37.7879],[-122.49206,37.78793],[-122.49181,37.78803],[-122.49177,37.78806],[-122.49172,37.78811],[-122.49166,37.78812],[-122.49161,37.78816],[-122.4915,37.78822],[-122.49145,37.78822],[-122.49141,37.78824],[-122.49128,37.78828],[-122.49122,37.78832],[-122.49119,37.78836],[-122.49106,37.78842],[-122.49086,37.78855],[-122.49084,37.78859],[-122.49082,37.78863],[-122.4907,37.78873],[-122.49053,37.78889],[-122.49041,37.78895],[-122.49041,37.78898],[-122.49031,37.78903],[-122.49025,37.78908],[-122.49005,37.78922],[-122.48992,37.78935],[-122.48983,37.78948],[-122.4897,37.78948],[-122.48959,37.78945],[-122.4893,37.78941],[-122.48919,37.78934],[-122.48899,37.78928],[-122.48848,37.78944],[-122.4881,37.78943],[-122.48803,37.78953],[-122.48786,37.78959],[-122.48774,37.78957],[-122.48758,37.7895],[-122.48756,37.78947],[-122.48756,37.78943],[-122.48746,37.78947],[-122.48745,37.78943],[-122.48737,37.78943],[-122.48712,37.78961],[-122.48705,37.78971],[-122.48694,37.78984],[-122.48673,37.79004],[-122.48655,37.79015],[-122.48643,37.79024],[-122.48634,37.79036],[-122.48625,37.79041],[-122.48624,37.7905],[-122.48615,37.79061],[-122.48611,37.79069],[-122.48604,37.79076],[-122.48596,37.79082],[-122.48594,37.79084],[-122.48543,37.78983],[-122.48505,37.78953],[-122.48441,37.78964],[-122.48432,37.78995],[-122.48432,37.79007],[-122.48399,37.78977],[-122.48453,37.78922],[-122.4838,37.78774],[-122.48187,37.78722],[-122.481,37.78707],[-122.47985,37.7868],[-122.47878,37.7869],[-122.4777,37.7868],[-122.47663,37.7868],[-122.47658,37.78613],[-122.47644,37.78427],[-122.47634,37.78293],[-122.47631,37.78241],[-122.47618,37.78055],[-122.47617,37.78043],[-122.47603,37.77855],[-122.47589,37.77669],[-122.47575,37.77483],[-122.47561,37.77296],[-122.47455,37.77301],[-122.47343,37.77306],[-122.4723,37.77311],[-122.47182,37.77314],[-122.47176,37.77314],[-122.47171,37.77314],[-122.4717,37.773],[-122.47173,37.7728],[-122.47182,37.77262],[-122.47195,37.77251],[-122.47206,37.77243],[-122.47229,37.77235],[-122.47252,37.77231],[-122.47272,37.77233],[-122.47384,37.77243],[-122.47424,37.77248],[-122.47458,37.77252],[-122.47484,37.77252],[-122.47514,37.7725],[-122.47572,37.77243],[-122.47629,37.77237],[-122.47694,37.77233],[-122.47767,37.77229],[-122.47834,37.77226],[-122.47865,37.77223],[-122.47886,37.77217],[-122.47905,37.77205],[-122.47921,37.77191],[-122.47932,37.77177],[-122.47938,37.7716],[-122.47941,37.77145],[-122.47939,37.77125],[-122.47929,37.77102],[-122.47915,37.77075],[-122.47851,37.76964],[-122.47841,37.76939],[-122.47833,37.76912],[-122.47827,37.76877],[-122.47824,37.76841],[-122.47823,37.76821],[-122.4782,37.76801],[-122.47814,37.76776],[-122.47807,37.76754],[-122.47794,37.7673],[-122.47777,37.76702],[-122.47749,37.76665],[-122.47742,37.7665],[-122.47734,37.76629],[-122.4773,37.76607],[-122.47736,37.76606],[-122.47742,37.76606],[-122.4774,37.76581],[-122.47738,37.76548],[-122.47749,37.76549],[-122.4782,37.76545],[-122.47832,37.76545],[-122.47835,37.76544],[-122.47927,37.7654],[-122.4794,37.76539],[-122.47952,37.76538],[-122.48035,37.76534],[-122.48048,37.76535],[-122.4806,37.76534],[-122.48141,37.7653],[-122.48154,37.7653],[-122.48165,37.76529],[-122.48249,37.76525],[-122.48262,37.76525],[-122.48274,37.76524],[-122.48352,37.76521],[-122.48369,37.76521],[-122.4838,37.7652],[-122.48464,37.76517],[-122.48476,37.76516],[-122.48486,37.76516],[-122.48573,37.76512],[-122.48583,37.76511],[-122.48595,37.76511],[-122.48677,37.76507],[-122.48691,37.76505],[-122.48702,37.76506],[-122.48784,37.76502],[-122.48797,37.765],[-122.48809,37.765],[-122.48893,37.76497],[-122.48905,37.76496],[-122.48917,37.76496],[-122.48992,37.76492],[-122.49012,37.76491],[-122.49023,37.76491],[-122.49104,37.76487],[-122.49119,37.76486],[-122.49132,37.76486],[-122.49213,37.76482],[-122.49226,37.76482],[-122.49238,37.76482],[-122.49322,37.76478],[-122.49334,37.76477],[-122.49342,37.76478],[-122.49432,37.76474],[-122.4944,37.76473],[-122.49451,37.76473],[-122.49535,37.76471],[-122.49548,37.76469],[-122.49559,37.7647],[-122.49593,37.76468],[-122.49609,37.76467],[-122.49643,37.76466],[-122.49655,37.76465],[-122.49663,37.76465],[-122.49746,37.7646],[-122.49762,37.76459],[-122.49774,37.76459],[-122.4986,37.76455],[-122.49869,37.76454],[-122.49877,37.76454],[-122.49964,37.7645],[-122.49976,37.76449],[-122.49985,37.76449],[-122.50073,37.76445],[-122.50083,37.76444],[-122.50094,37.76444],[-122.50181,37.76441],[-122.50191,37.7644],[-122.50202,37.76439],[-122.50286,37.76435],[-122.50298,37.76434],[-122.50308,37.76434],[-122.50393,37.7643],[-122.50406,37.76429],[-122.50416,37.7643],[-122.50498,37.76426],[-122.50513,37.76426],[-122.50523,37.76425],[-122.50609,37.76421],[-122.50619,37.76421],[-122.50632,37.7642],[-122.50715,37.76416],[-122.50727,37.76415],[-122.50737,37.76415],[-122.50821,37.76412],[-122.50834,37.76411],[-122.50846,37.76411],[-122.50928,37.76409],[-122.50941,37.76409],[-122.50987,37.76409],[-122.50983,37.76397],[-122.51027,37.76394],[-122.51029,37.76404],[-122.5103,37.76406],[-122.5103,37.76407],[-122.51044,37.76406],[-122.51047,37.76454],[-122.51047,37.76463],[-122.51038,37.76549],[-122.51035,37.76601],[-122.51037,37.76658],[-122.51043,37.76726],[-122.51078,37.76895],[-122.51091,37.76967],[-122.511,37.77032],[-122.51101,37.77044],[-122.51103,37.77056],[-122.51109,37.77116],[-122.51112,37.77132],[-122.51315,37.77076],[-122.51313,37.77121],[-122.51314,37.77133],[-122.5131,37.77143],[-122.51312,37.77154],[-122.51311,37.77171],[-122.5131,37.77174],[-122.51311,37.7718],[-122.5131,37.7719],[-122.51316,37.77223],[-122.51314,37.77226],[-122.51314,37.7723],[-122.51318,37.77237],[-122.51318,37.77241],[-122.51314,37.77248],[-122.51313,37.77252],[-122.51315,37.77256],[-122.51313,37.77286],[-122.51314,37.77292],[-122.51314,37.77295],[-122.51315,37.77305],[-122.51312,37.7731],[-122.51311,37.77317],[-122.51312,37.77323],[-122.51314,37.77328],[-122.51314,37.7734],[-122.51312,37.77351],[-122.51314,37.77365],[-122.51313,37.77376],[-122.5131,37.77391],[-122.51312,37.77455],[-122.51317,37.77489],[-122.51317,37.77511],[-122.51315,37.7752],[-122.51317,37.7753],[-122.51314,37.77538],[-122.51316,37.77541],[-122.51312,37.7755],[-122.51312,37.77599],[-122.51322,37.77664],[-122.51326,37.77677],[-122.51327,37.77685],[-122.51334,37.7772],[-122.51335,37.77733],[-122.51342,37.77744],[-122.51349,37.77754],[-122.51351,37.7776],[-122.51361,37.77763],[-122.51379,37.77771],[-122.51397,37.77774],[-122.51413,37.7779],[-122.51427,37.77812],[-122.51441,37.77827],[-122.51463,37.77851],[-122.51466,37.77864],[-122.51464,37.77875],[-122.51457,37.77885],[-122.51458,37.77898],[-122.5145,37.77915],[-122.51449,37.77924],[-122.51457,37.77942],[-122.51467,37.77945],[-122.51485,37.77953],[-122.51495,37.77972],[-122.5149,37.77985]]]},"properties":{"zipCode":"94121"}},{"type":"Feature","geometry":{"type":"Polygon","coordinates":[[[-122.5072,37.73305],[-122.50682,37.73489],[-122.50681,37.73524],[-122.5068,37.73532],[-122.5068,37.73533],[-122.5068,37.73538],[-122.50666,37.73538],[-122.50652,37.73538],[-122.50537,37.73538],[-122.50525,37.73538],[-122.50526,37.73551],[-122.50526,37.73557],[-122.50515,37.73557],[-122.50419,37.73556],[-122.50322,37.73555],[-122.50311,37.73555],[-122.503,37.73556],[-122.50256,37.73556],[-122.50203,37.73552],[-122.5016,37.73544],[-122.50118,37.73534],[-122.50104,37.7353],[-122.5009,37.73525],[-122.50049,37.7351],[-122.50006,37.73491],[-122.49924,37.73445],[-122.49914,37.7344],[-122.49903,37.73436],[-122.49861,37.73419],[-122.49803,37.73403],[-122.49749,37.73393],[-122.49686,37.73387],[-122.49656,37.73386],[-122.49645,37.73388],[-122.4944,37.73396],[-122.49394,37.73398],[-122.49378,37.73399],[-122.49335,37.73401],[-122.49226,37.73406],[-122.49129,37.7341],[-122.49128,37.73413],[-122.49124,37.7342],[-122.49128,37.7347],[-122.49132,37.73533],[-122.49145,37.73717],[-122.49146,37.73728],[-122.49129,37.7373],[-122.49089,37.73761],[-122.4907,37.73773],[-122.49048,37.73783],[-122.49036,37.73793],[-122.48997,37.73796],[-122.48979,37.73782],[-122.48965,37.73776],[-122.48956,37.73772],[-122.48931,37.73754],[-122.48917,37.73739],[-122.48893,37.73716],[-122.48852,37.737],[-122.48826,37.73698],[-122.48788,37.73697],[-122.48747,37.73696],[-122.48687,37.73689],[-122.48624,37.73676],[-122.48577,37.73676],[-122.4854,37.73689],[-122.48506,37.73708],[-122.48495,37.73712],[-122.4843,37.73719],[-122.48397,37.73739],[-122.48324,37.73746],[-122.48283,37.73747],[-122.48238,37.73746],[-122.48201,37.73735],[-122.48173,37.73717],[-122.48066,37.73722],[-122.4796,37.73727],[-122.4785,37.73731],[-122.47744,37.73736],[-122.47637,37.73741],[-122.47539,37.73745],[-122.47533,37.73638],[-122.47522,37.73487],[-122.47519,37.73476],[-122.47517,37.73456],[-122.47502,37.73456],[-122.47504,37.73476],[-122.4742,37.73475],[-122.47405,37.73476],[-122.47323,37.73478],[-122.47263,37.7348],[-122.47233,37.73481],[-122.47176,37.73482],[-122.47157,37.73471],[-122.4717,37.73457],[-122.47175,37.73422],[-122.47176,37.73385],[-122.4718,37.73326],[-122.47189,37.73196],[-122.47194,37.73111],[-122.47202,37.7311],[-122.47213,37.73106],[-122.47218,37.7301],[-122.4722,37.7298],[-122.47225,37.72893],[-122.47226,37.72881],[-122.47205,37.7288],[-122.47212,37.72765],[-122.47216,37.72696],[-122.47215,37.72682],[-122.47216,37.72668],[-122.47222,37.72554],[-122.47226,37.72481],[-122.47231,37.72383],[-122.47232,37.72377],[-122.47243,37.72175],[-122.47244,37.7216],[-122.47225,37.72163],[-122.47198,37.72166],[-122.47176,37.72167],[-122.47167,37.72163],[-122.47078,37.72164],[-122.46988,37.72164],[-122.46974,37.72164],[-122.46897,37.72165],[-122.46866,37.72165],[-122.46808,37.72166],[-122.46762,37.72166],[-122.46719,37.72166],[-122.46659,37.72167],[-122.46628,37.72167],[-122.46556,37.72167],[-122.46539,37.72167],[-122.46448,37.72168],[-122.46444,37.72191],[-122.46429,37.72211],[-122.46398,37.72233],[-122.46375,37.7224],[-122.46319,37.72261],[-122.46284,37.7228],[-122.46266,37.72295],[-122.46243,37.72301],[-122.46227,37.72302],[-122.46227,37.72183],[-122.46227,37.72175],[-122.46234,37.72171],[-122.46237,37.72169],[-122.46239,37.72169],[-122.46268,37.72169],[-122.46266,37.72],[-122.46267,37.71992],[-122.46264,37.71821],[-122.46264,37.71794],[-122.46263,37.71742],[-122.46263,37.71657],[-122.46262,37.71614],[-122.46262,37.71562],[-122.46261,37.71488],[-122.4626,37.71431],[-122.46259,37.71403],[-122.46256,37.7139],[-122.46257,37.71315],[-122.46258,37.71252],[-122.46258,37.71227],[-122.46257,37.71137],[-122.46256,37.71125],[-122.46241,37.71119],[-122.46236,37.71117],[-122.4619,37.71097],[-122.46132,37.71079],[-122.46103,37.71067],[-122.46086,37.71059],[-122.46116,37.71058],[-122.46235,37.71057],[-122.46256,37.71057],[-122.46348,37.71056],[-122.46418,37.71055],[-122.46437,37.71053],[-122.46477,37.71048],[-122.46494,37.71044],[-122.46599,37.71015],[-122.4662,37.71007],[-122.46679,37.70983],[-122.46716,37.70963],[-122.46721,37.7096],[-122.46772,37.70928],[-122.46816,37.70894],[-122.46847,37.70868],[-122.46894,37.70823],[-122.46906,37.70823],[-122.46924,37.70823],[-122.47088,37.70823],[-122.471,37.70825],[-122.47108,37.70826],[-122.47132,37.7083],[-122.4714,37.70832],[-122.47149,37.70833],[-122.47153,37.70833],[-122.47176,37.70833],[-122.47184,37.70833],[-122.48108,37.70823],[-122.48378,37.70833],[-122.48488,37.70833],[-122.48512,37.70828],[-122.48538,37.70823],[-122.48559,37.70823],[-122.48563,37.70823],[-122.4857,37.70823],[-122.48604,37.70823],[-122.48619,37.70823],[-122.48669,37.70823],[-122.49358,37.70823],[-122.49778,37.70813],[-122.49809,37.70813],[-122.49811,37.70813],[-122.49817,37.70813],[-122.49823,37.70813],[-122.4983,37.70813],[-122.49829,37.7082],[-122.49825,37.70854],[-122.4982,37.70911],[-122.49818,37.70963],[-122.49817,37.70972],[-122.49817,37.70989],[-122.49816,37.71009],[-122.49817,37.71076],[-122.49825,37.71207],[-122.49836,37.71369],[-122.49837,37.71398],[-122.49842,37.71471],[-122.49844,37.71489],[-122.49853,37.71525],[-122.49861,37.71547],[-122.49871,37.71566],[-122.49881,37.71583],[-122.49897,37.71606],[-122.49991,37.71729],[-122.50003,37.71751],[-122.50016,37.71777],[-122.50023,37.718],[-122.50027,37.71821],[-122.5003,37.71841],[-122.50032,37.71884],[-122.50032,37.71898],[-122.50033,37.71905],[-122.50033,37.71948],[-122.5004,37.72014],[-122.50055,37.72057],[-122.5007,37.72085],[-122.5009,37.72116],[-122.50131,37.7217],[-122.50147,37.72189],[-122.50237,37.7229],[-122.50266,37.72332],[-122.50288,37.72377],[-122.50301,37.72408],[-122.50307,37.72445],[-122.50309,37.72471],[-122.5031,37.72498],[-122.50309,37.72512],[-122.50304,37.72526],[-122.50313,37.72522],[-122.50329,37.72525],[-122.50361,37.72535],[-122.50476,37.72603],[-122.50532,37.72632],[-122.50562,37.72656],[-122.50597,37.72691],[-122.50629,37.72744],[-122.50647,37.72792],[-122.5065,37.72811],[-122.50654,37.72836],[-122.5067,37.72955],[-122.5068,37.73043],[-122.50687,37.73092],[-122.507,37.73145],[-122.50715,37.73221],[-122.50721,37.73263],[-122.5072,37.73305]]]},"properties":{"zipCode":"94132"}},{"type":"Feature","geometry":{"type":"Polygon","coordinates":[[[-122.50987,37.76409],[-122.50941,37.76409],[-122.50928,37.76409],[-122.50846,37.76411],[-122.50834,37.76411],[-122.50821,37.76412],[-122.50737,37.76415],[-122.50727,37.76415],[-122.50715,37.76416],[-122.50632,37.7642],[-122.50619,37.76421],[-122.50609,37.76421],[-122.50523,37.76425],[-122.50513,37.76426],[-122.50498,37.76426],[-122.50416,37.7643],[-122.50406,37.76429],[-122.50393,37.7643],[-122.50308,37.76434],[-122.50298,37.76434],[-122.50286,37.76435],[-122.50202,37.76439],[-122.50191,37.7644],[-122.50181,37.76441],[-122.50094,37.76444],[-122.50083,37.76444],[-122.50073,37.76445],[-122.49985,37.76449],[-122.49976,37.76449],[-122.49964,37.7645],[-122.49877,37.76454],[-122.49869,37.76454],[-122.4986,37.76455],[-122.49774,37.76459],[-122.49762,37.76459],[-122.49746,37.7646],[-122.49663,37.76465],[-122.49655,37.76465],[-122.49643,37.76466],[-122.49609,37.76467],[-122.49593,37.76468],[-122.49559,37.7647],[-122.49548,37.76469],[-122.49535,37.76471],[-122.49451,37.76473],[-122.4944,37.76473],[-122.49432,37.76474],[-122.49342,37.76478],[-122.49334,37.76477],[-122.49322,37.76478],[-122.49238,37.76482],[-122.49226,37.76482],[-122.49213,37.76482],[-122.49132,37.76486],[-122.49119,37.76486],[-122.49104,37.76487],[-122.49023,37.76491],[-122.49012,37.76491],[-122.48992,37.76492],[-122.48917,37.76496],[-122.48905,37.76496],[-122.48893,37.76497],[-122.48809,37.765],[-122.48797,37.765],[-122.48784,37.76502],[-122.48702,37.76506],[-122.48691,37.76505],[-122.48677,37.76507],[-122.48595,37.76511],[-122.48583,37.76511],[-122.48573,37.76512],[-122.48486,37.76516],[-122.48476,37.76516],[-122.48464,37.76517],[-122.4838,37.7652],[-122.48369,37.76521],[-122.48352,37.76521],[-122.48274,37.76524],[-122.48262,37.76525],[-122.48249,37.76525],[-122.48165,37.76529],[-122.48154,37.7653],[-122.48141,37.7653],[-122.4806,37.76534],[-122.48048,37.76535],[-122.48035,37.76534],[-122.47952,37.76538],[-122.4794,37.76539],[-122.47927,37.7654],[-122.47835,37.76544],[-122.47832,37.76545],[-122.4782,37.76545],[-122.47749,37.76549],[-122.47738,37.76548],[-122.47726,37.76549],[-122.47713,37.7655],[-122.47631,37.76553],[-122.47619,37.76554],[-122.47606,37.76554],[-122.47525,37.76558],[-122.47512,37.76558],[-122.47502,37.76559],[-122.47416,37.76563],[-122.47405,37.76563],[-122.47394,37.76564],[-122.47304,37.76568],[-122.47293,37.76568],[-122.4728,37.76569],[-122.47192,37.76573],[-122.4718,37.76572],[-122.4717,37.76574],[-122.47086,37.76578],[-122.47073,37.76578],[-122.47061,37.76579],[-122.46979,37.76582],[-122.46966,37.76582],[-122.46953,37.76583],[-122.4687,37.76587],[-122.46858,37.76587],[-122.46844,37.76588],[-122.46763,37.76592],[-122.46752,37.76592],[-122.46735,37.76593],[-122.46656,37.76597],[-122.46644,37.76597],[-122.46632,37.76598],[-122.4655,37.76601],[-122.46538,37.76602],[-122.46538,37.76594],[-122.4643,37.76596],[-122.46323,37.76605],[-122.46324,37.76611],[-122.46316,37.76611],[-122.46229,37.76615],[-122.46217,37.76614],[-122.46211,37.76616],[-122.4612,37.7662],[-122.4611,37.76621],[-122.46109,37.76613],[-122.46002,37.76617],[-122.45983,37.7662],[-122.45972,37.7662],[-122.45927,37.76622],[-122.45894,37.76623],[-122.45885,37.76623],[-122.45877,37.76622],[-122.45841,37.76616],[-122.45818,37.76609],[-122.45791,37.76601],[-122.45779,37.76601],[-122.45779,37.76582],[-122.45776,37.76535],[-122.45772,37.76481],[-122.4577,37.76455],[-122.45754,37.76357],[-122.45783,37.76348],[-122.45979,37.76293],[-122.46084,37.76263],[-122.46057,37.76055],[-122.45999,37.75935],[-122.46036,37.75927],[-122.46327,37.75871],[-122.46323,37.75856],[-122.46315,37.75861],[-122.46257,37.75668],[-122.46363,37.7564],[-122.46356,37.7553],[-122.46358,37.75501],[-122.46363,37.75479],[-122.46361,37.75474],[-122.46366,37.75459],[-122.46377,37.75414],[-122.46377,37.75381],[-122.46375,37.75375],[-122.46371,37.75362],[-122.46358,37.75333],[-122.46336,37.75304],[-122.46343,37.75303],[-122.46418,37.75291],[-122.46446,37.7529],[-122.46553,37.75285],[-122.4666,37.7528],[-122.46764,37.75276],[-122.4678,37.75272],[-122.46792,37.75274],[-122.46803,37.75279],[-122.46818,37.75296],[-122.46834,37.75324],[-122.46868,37.75312],[-122.46878,37.75305],[-122.4691,37.75292],[-122.46949,37.75359],[-122.46955,37.75368],[-122.46968,37.75379],[-122.46981,37.75387],[-122.46996,37.75392],[-122.47009,37.75395],[-122.47019,37.75395],[-122.47018,37.75405],[-122.47002,37.75469],[-122.47008,37.75471],[-122.47043,37.75475],[-122.47092,37.75477],[-122.47102,37.7548],[-122.47105,37.75452],[-122.47104,37.75447],[-122.47102,37.75427],[-122.47102,37.75422],[-122.47104,37.7541],[-122.47113,37.75388],[-122.47117,37.75373],[-122.47119,37.75361],[-122.47119,37.75349],[-122.47117,37.75336],[-122.47091,37.75262],[-122.47201,37.75257],[-122.47256,37.75255],[-122.47313,37.75252],[-122.47421,37.75247],[-122.47474,37.75245],[-122.47528,37.75242],[-122.47623,37.75238],[-122.47636,37.75238],[-122.47742,37.75233],[-122.47849,37.75228],[-122.47956,37.75224],[-122.48063,37.75219],[-122.4817,37.75214],[-122.48277,37.75209],[-122.48384,37.75204],[-122.48492,37.752],[-122.48599,37.75195],[-122.48705,37.7519],[-122.48814,37.75185],[-122.48919,37.75181],[-122.49027,37.75176],[-122.49135,37.75171],[-122.49242,37.75166],[-122.49349,37.75161],[-122.49456,37.75157],[-122.49503,37.75155],[-122.49517,37.75154],[-122.49563,37.75153],[-122.4967,37.75148],[-122.49777,37.75143],[-122.49884,37.75138],[-122.49991,37.75133],[-122.50099,37.75129],[-122.50206,37.75124],[-122.50313,37.75119],[-122.5042,37.75114],[-122.50528,37.75109],[-122.50635,37.75105],[-122.50742,37.751],[-122.50819,37.75097],[-122.50843,37.75283],[-122.50868,37.75469],[-122.5089,37.75655],[-122.50911,37.75841],[-122.50917,37.75849],[-122.50938,37.76027],[-122.50962,37.76213],[-122.50982,37.76373],[-122.50983,37.76397],[-122.50987,37.76409]]]},"properties":{"zipCode":"94122"}},{"type":"Feature","geometry":{"type":"Polygon","coordinates":[[[-122.4859,37.79089],[-122.48574,37.79102],[-122.48541,37.79147],[-122.48529,37.79171],[-122.485,37.79195],[-122.48475,37.79222],[-122.48454,37.79252],[-122.48436,37.79274],[-122.48418,37.79306],[-122.48407,37.7933],[-122.48386,37.79365],[-122.48359,37.79404],[-122.48329,37.79467],[-122.48352,37.79473],[-122.48309,37.79561],[-122.483,37.7959],[-122.48285,37.79618],[-122.48267,37.79681],[-122.48251,37.79715],[-122.48235,37.7975],[-122.48218,37.79783],[-122.48217,37.798],[-122.48214,37.79813],[-122.48209,37.79823],[-122.48212,37.79829],[-122.48213,37.79833],[-122.48208,37.79847],[-122.48204,37.79851],[-122.48196,37.79854],[-122.48187,37.79854],[-122.48183,37.79857],[-122.48191,37.79873],[-122.48193,37.79878],[-122.4819,37.79878],[-122.48178,37.79869],[-122.48176,37.7988],[-122.48174,37.79881],[-122.48173,37.79885],[-122.4817,37.79886],[-122.48155,37.79875],[-122.48155,37.79879],[-122.48168,37.79889],[-122.48169,37.79893],[-122.48164,37.79893],[-122.48162,37.79895],[-122.48156,37.79904],[-122.48155,37.79909],[-122.48154,37.79914],[-122.48151,37.79921],[-122.48147,37.79927],[-122.48142,37.79933],[-122.48138,37.79937],[-122.48139,37.7994],[-122.48139,37.79945],[-122.48131,37.79952],[-122.4812,37.79956],[-122.48111,37.79961],[-122.48107,37.7997],[-122.48106,37.79982],[-122.48104,37.79987],[-122.48099,37.79994],[-122.48098,37.80001],[-122.48097,37.80033],[-122.48086,37.80039],[-122.48076,37.80044],[-122.48068,37.80058],[-122.48066,37.80065],[-122.48059,37.80073],[-122.48054,37.80082],[-122.48047,37.80095],[-122.48038,37.80109],[-122.4803,37.80129],[-122.4802,37.80142],[-122.48018,37.80156],[-122.48007,37.80185],[-122.48003,37.80206],[-122.48004,37.80223],[-122.48001,37.80239],[-122.47997,37.80261],[-122.47993,37.80275],[-122.4799,37.8029],[-122.47961,37.80343],[-122.4795,37.80357],[-122.47936,37.80386],[-122.47917,37.80433],[-122.47915,37.80448],[-122.47906,37.80469],[-122.47895,37.80488],[-122.47881,37.80529],[-122.47873,37.80549],[-122.47872,37.80568],[-122.4787,37.80584],[-122.47869,37.80596],[-122.47863,37.80601],[-122.47865,37.80609],[-122.47863,37.80612],[-122.47866,37.80617],[-122.47863,37.80635],[-122.47862,37.80647],[-122.47858,37.80664],[-122.47855,37.80696],[-122.47853,37.80707],[-122.47853,37.80718],[-122.47852,37.80725],[-122.47849,37.80731],[-122.47848,37.80741],[-122.4785,37.80755],[-122.47848,37.80783],[-122.47841,37.80809],[-122.47818,37.80821],[-122.47806,37.80828],[-122.4779,37.80845],[-122.47789,37.80853],[-122.47792,37.80867],[-122.47796,37.80925],[-122.47792,37.80978],[-122.47796,37.81011],[-122.47793,37.81032],[-122.47798,37.81054],[-122.47769,37.81063],[-122.47774,37.81094],[-122.47767,37.81096],[-122.47758,37.81098],[-122.47747,37.811],[-122.47731,37.81103],[-122.47695,37.81098],[-122.47662,37.81088],[-122.47656,37.81089],[-122.47647,37.81084],[-122.4764,37.81076],[-122.47624,37.81042],[-122.47619,37.81024],[-122.47616,37.80986],[-122.47605,37.80964],[-122.47597,37.80957],[-122.47579,37.80948],[-122.47554,37.80939],[-122.47495,37.80926],[-122.4748,37.80918],[-122.47448,37.80914],[-122.47406,37.80911],[-122.47325,37.8091],[-122.47267,37.80903],[-122.47225,37.80897],[-122.47181,37.80886],[-122.47162,37.80886],[-122.47158,37.80886],[-122.47124,37.8088],[-122.47093,37.80872],[-122.47066,37.80861],[-122.4706,37.8086],[-122.47003,37.80943],[-122.46999,37.80945],[-122.46992,37.80944],[-122.4694,37.8092],[-122.46939,37.80917],[-122.46945,37.80907],[-122.46951,37.80905],[-122.47005,37.80929],[-122.47054,37.80858],[-122.47042,37.80845],[-122.47023,37.80835],[-122.4701,37.80827],[-122.47001,37.8082],[-122.46982,37.8081],[-122.46959,37.80795],[-122.4693,37.80773],[-122.46923,37.80757],[-122.46911,37.80737],[-122.46887,37.80707],[-122.46879,37.807],[-122.46864,37.80693],[-122.4683,37.80682],[-122.46815,37.80698],[-122.46804,37.80691],[-122.46821,37.80674],[-122.46816,37.8067],[-122.46793,37.80656],[-122.46777,37.80646],[-122.46736,37.80614],[-122.4672,37.80601],[-122.467,37.80591],[-122.46667,37.8058],[-122.46647,37.80599],[-122.46606,37.80642],[-122.46589,37.80631],[-122.46595,37.80624],[-122.46606,37.8063],[-122.46607,37.80628],[-122.46613,37.80632],[-122.46665,37.80579],[-122.46607,37.80558],[-122.4659,37.80557],[-122.46583,37.80555],[-122.46565,37.80549],[-122.46546,37.80539],[-122.46455,37.80511],[-122.46423,37.805],[-122.46399,37.80494],[-122.46358,37.80488],[-122.46327,37.80489],[-122.46295,37.80492],[-122.46243,37.80501],[-122.46221,37.80502],[-122.46203,37.80496],[-122.4619,37.80493],[-122.4616,37.80496],[-122.46127,37.80502],[-122.46101,37.80509],[-122.45977,37.80525],[-122.45958,37.80529],[-122.45935,37.80536],[-122.45915,37.8054],[-122.4589,37.80543],[-122.45868,37.80544],[-122.45842,37.80548],[-122.45822,37.80552],[-122.45799,37.80557],[-122.45778,37.80565],[-122.45756,37.80572],[-122.45733,37.80577],[-122.45719,37.80579],[-122.45686,37.80583],[-122.45654,37.80588],[-122.45622,37.80594],[-122.45591,37.80601],[-122.45557,37.80611],[-122.45448,37.80647],[-122.45435,37.80648],[-122.45431,37.80646],[-122.45429,37.80638],[-122.45409,37.80636],[-122.45382,37.80629],[-122.4533,37.80626],[-122.45278,37.80627],[-122.45244,37.80627],[-122.45165,37.80635],[-122.45091,37.80653],[-122.45046,37.80665],[-122.44991,37.80672],[-122.44982,37.80672],[-122.44972,37.80672],[-122.44963,37.80673],[-122.44948,37.8068],[-122.4494,37.80682],[-122.4493,37.80684],[-122.44917,37.80684],[-122.44911,37.80683],[-122.44905,37.80682],[-122.44901,37.80678],[-122.44889,37.80673],[-122.44873,37.8067],[-122.44857,37.80675],[-122.44831,37.80681],[-122.44822,37.80685],[-122.44813,37.8069],[-122.44819,37.80675],[-122.44815,37.80635],[-122.44818,37.80634],[-122.44839,37.80622],[-122.44849,37.80609],[-122.44832,37.80499],[-122.44829,37.80479],[-122.44864,37.80455],[-122.44891,37.80441],[-122.44922,37.8043],[-122.44947,37.80423],[-122.44983,37.80413],[-122.45017,37.80403],[-122.4505,37.80393],[-122.45088,37.80377],[-122.45125,37.80357],[-122.4515,37.8034],[-122.45128,37.80336],[-122.45123,37.80335],[-122.451,37.80328],[-122.45075,37.80317],[-122.45048,37.80301],[-122.45017,37.8028],[-122.44997,37.80262],[-122.45006,37.80247],[-122.44946,37.80197],[-122.44921,37.80176],[-122.44766,37.80068],[-122.44761,37.80032],[-122.44747,37.79939],[-122.44734,37.79855],[-122.4473,37.79846],[-122.44758,37.79844],[-122.44774,37.7984],[-122.4479,37.79834],[-122.44806,37.79821],[-122.44827,37.79789],[-122.44814,37.79775],[-122.44806,37.79762],[-122.44803,37.79743],[-122.44827,37.79748],[-122.44857,37.79754],[-122.44862,37.79753],[-122.44866,37.79749],[-122.44871,37.79735],[-122.44873,37.79724],[-122.44873,37.79718],[-122.4487,37.79709],[-122.44866,37.797],[-122.44854,37.79694],[-122.44833,37.79688],[-122.44812,37.79687],[-122.44796,37.79686],[-122.44794,37.79671],[-122.44793,37.79662],[-122.44795,37.79655],[-122.44802,37.79645],[-122.44811,37.79639],[-122.44826,37.79635],[-122.44842,37.79635],[-122.44877,37.79637],[-122.44898,37.79638],[-122.44833,37.79606],[-122.44812,37.79599],[-122.44786,37.79593],[-122.44762,37.79588],[-122.44749,37.79583],[-122.44744,37.79578],[-122.44739,37.79569],[-122.44739,37.7956],[-122.44744,37.79551],[-122.4475,37.79546],[-122.4476,37.79542],[-122.44771,37.7954],[-122.44791,37.79542],[-122.44836,37.79549],[-122.44841,37.7955],[-122.44857,37.79552],[-122.44868,37.79528],[-122.4488,37.79515],[-122.44887,37.79511],[-122.44896,37.79505],[-122.44905,37.79501],[-122.44883,37.79491],[-122.44871,37.79483],[-122.4486,37.79472],[-122.44853,37.79456],[-122.44853,37.79429],[-122.44853,37.79408],[-122.44846,37.79392],[-122.44802,37.79312],[-122.44818,37.7931],[-122.44831,37.79302],[-122.44844,37.7928],[-122.44851,37.79254],[-122.44856,37.79231],[-122.44858,37.79209],[-122.44863,37.79195],[-122.44871,37.79184],[-122.44884,37.79177],[-122.44897,37.79173],[-122.44943,37.79164],[-122.451,37.79132],[-122.45274,37.79097],[-122.45423,37.79068],[-122.45584,37.79036],[-122.45748,37.79003],[-122.45903,37.78972],[-122.45948,37.78971],[-122.45993,37.78954],[-122.46358,37.78881],[-122.46478,37.78856],[-122.46584,37.78835],[-122.46692,37.78813],[-122.46799,37.78785],[-122.47008,37.7874],[-122.47091,37.78722],[-122.47116,37.78722],[-122.47223,37.78723],[-122.47235,37.78723],[-122.47247,37.78723],[-122.47332,37.78719],[-122.47443,37.78698],[-122.47555,37.78678],[-122.47663,37.7868],[-122.4777,37.7868],[-122.47878,37.7869],[-122.47985,37.7868],[-122.481,37.78707],[-122.48187,37.78722],[-122.4838,37.78774],[-122.48453,37.78922],[-122.48399,37.78977],[-122.48432,37.79007],[-122.48432,37.78995],[-122.48441,37.78964],[-122.48505,37.78953],[-122.48543,37.78983],[-122.48594,37.79084],[-122.4859,37.79089]],[[-122.45006,37.80247],[-122.45032,37.80272],[-122.45051,37.80286],[-122.45072,37.80298],[-122.45095,37.8031],[-122.45112,37.80316],[-122.45136,37.80322],[-122.45149,37.80324],[-122.45158,37.80326],[-122.45167,37.80327],[-122.4518,37.80329],[-122.45201,37.80331],[-122.45228,37.8033],[-122.45254,37.80326],[-122.45249,37.80313],[-122.45196,37.80303],[-122.45181,37.803],[-122.45145,37.80292],[-122.45006,37.80247]]]},"properties":{"zipCode":"94129"}},{"type":"Feature","geometry":{"type":"Polygon","coordinates":[[[-122.47941,37.77145],[-122.47938,37.7716],[-122.47932,37.77177],[-122.47921,37.77191],[-122.47905,37.77205],[-122.47886,37.77217],[-122.47865,37.77223],[-122.47834,37.77226],[-122.47767,37.77229],[-122.47694,37.77233],[-122.47629,37.77237],[-122.47572,37.77243],[-122.47514,37.7725],[-122.47484,37.77252],[-122.47458,37.77252],[-122.47424,37.77248],[-122.47384,37.77243],[-122.47272,37.77233],[-122.47252,37.77231],[-122.47229,37.77235],[-122.47206,37.77243],[-122.47195,37.77251],[-122.47182,37.77262],[-122.47173,37.7728],[-122.4717,37.773],[-122.47171,37.77314],[-122.47176,37.77314],[-122.47182,37.77314],[-122.4723,37.77311],[-122.47343,37.77306],[-122.47455,37.77301],[-122.47561,37.77296],[-122.47575,37.77483],[-122.47589,37.77669],[-122.47603,37.77855],[-122.47617,37.78043],[-122.47618,37.78055],[-122.47631,37.78241],[-122.47634,37.78293],[-122.47644,37.78427],[-122.47658,37.78613],[-122.47663,37.7868],[-122.47555,37.78678],[-122.47443,37.78698],[-122.47332,37.78719],[-122.47247,37.78723],[-122.47235,37.78723],[-122.47223,37.78723],[-122.47116,37.78722],[-122.47091,37.78722],[-122.47008,37.7874],[-122.46799,37.78785],[-122.46692,37.78813],[-122.46584,37.78835],[-122.46478,37.78856],[-122.46358,37.78881],[-122.45993,37.78954],[-122.45948,37.78971],[-122.45903,37.78972],[-122.45748,37.79003],[-122.45584,37.79036],[-122.45423,37.79068],[-122.45274,37.79097],[-122.451,37.79132],[-122.44943,37.79164],[-122.44897,37.79173],[-122.44884,37.79177],[-122.44871,37.79184],[-122.44863,37.79195],[-122.44858,37.79209],[-122.44856,37.79231],[-122.44851,37.79254],[-122.44844,37.7928],[-122.44831,37.79302],[-122.44818,37.7931],[-122.44802,37.79312],[-122.44794,37.7929],[-122.44793,37.79286],[-122.44768,37.7917],[-122.4475,37.79082],[-122.44733,37.78994],[-122.44715,37.78907],[-122.44697,37.78819],[-122.44679,37.78726],[-122.44661,37.7863],[-122.44685,37.78619],[-122.44753,37.78541],[-122.44761,37.78528],[-122.44762,37.7852],[-122.44762,37.78508],[-122.44642,37.78537],[-122.44625,37.78444],[-122.44603,37.78351],[-122.44591,37.78292],[-122.44583,37.78251],[-122.4458,37.78251],[-122.44582,37.78249],[-122.44571,37.78241],[-122.44443,37.78257],[-122.44383,37.78187],[-122.44426,37.78178],[-122.44461,37.78164],[-122.44495,37.78147],[-122.44528,37.78136],[-122.44558,37.78132],[-122.44551,37.78088],[-122.44548,37.78073],[-122.44544,37.78013],[-122.4462,37.78003],[-122.44629,37.77996],[-122.44628,37.77975],[-122.44623,37.77943],[-122.44613,37.77905],[-122.4461,37.77891],[-122.44604,37.77875],[-122.44535,37.77884],[-122.44516,37.77789],[-122.44497,37.77696],[-122.44478,37.77602],[-122.44647,37.7758],[-122.44664,37.77666],[-122.44666,37.77674],[-122.44685,37.77767],[-122.4478,37.77755],[-122.44868,37.77743],[-122.44957,37.77732],[-122.45046,37.7772],[-122.45135,37.77709],[-122.45223,37.77698],[-122.45319,37.77685],[-122.45304,37.77614],[-122.45296,37.77575],[-122.45281,37.77499],[-122.453,37.77497],[-122.45468,37.77476],[-122.45525,37.77469],[-122.45628,37.77456],[-122.45837,37.77431],[-122.45949,37.77417],[-122.46055,37.77403],[-122.46162,37.77389],[-122.46268,37.77376],[-122.46375,37.77362],[-122.46461,37.77244],[-122.46412,37.77232],[-122.46304,37.77202],[-122.46205,37.77178],[-122.46118,37.77163],[-122.46,37.77145],[-122.45916,37.77131],[-122.45932,37.77093],[-122.45944,37.77076],[-122.45954,37.77065],[-122.45975,37.77051],[-122.4599,37.77044],[-122.46011,37.7704],[-122.46077,37.77032],[-122.46111,37.77034],[-122.46143,37.77033],[-122.4618,37.77029],[-122.46276,37.77007],[-122.4644,37.76967],[-122.46476,37.76953],[-122.4652,37.76925],[-122.46577,37.76879],[-122.4663,37.76844],[-122.467,37.76801],[-122.4673,37.76819],[-122.46833,37.76878],[-122.46873,37.76895],[-122.46914,37.76909],[-122.46976,37.76921],[-122.47012,37.76922],[-122.4706,37.76922],[-122.47092,37.7692],[-122.4713,37.76914],[-122.47156,37.76907],[-122.47183,37.76894],[-122.47207,37.76879],[-122.47225,37.76861],[-122.47234,37.76845],[-122.47244,37.76823],[-122.47247,37.76806],[-122.4725,37.76785],[-122.47258,37.76764],[-122.47264,37.76754],[-122.4727,37.76744],[-122.47288,37.76726],[-122.47312,37.76712],[-122.47328,37.76706],[-122.47353,37.76697],[-122.47526,37.76647],[-122.47584,37.76632],[-122.47681,37.76612],[-122.47725,37.76607],[-122.4773,37.76607],[-122.47734,37.76629],[-122.47742,37.7665],[-122.47749,37.76665],[-122.47777,37.76702],[-122.47794,37.7673],[-122.47807,37.76754],[-122.47814,37.76776],[-122.4782,37.76801],[-122.47823,37.76821],[-122.47824,37.76841],[-122.47827,37.76877],[-122.47833,37.76912],[-122.47841,37.76939],[-122.47851,37.76964],[-122.47915,37.77075],[-122.47929,37.77102],[-122.47939,37.77125],[-122.47941,37.77145]]]},"properties":{"zipCode":"94118"}},{"type":"Feature","geometry":{"type":"Polygon","coordinates":[[[-122.47243,37.72175],[-122.47232,37.72377],[-122.47231,37.72383],[-122.47226,37.72481],[-122.47222,37.72554],[-122.47216,37.72668],[-122.47215,37.72682],[-122.47216,37.72696],[-122.47212,37.72765],[-122.47205,37.7288],[-122.47226,37.72881],[-122.47225,37.72893],[-122.4722,37.7298],[-122.47218,37.7301],[-122.47213,37.73106],[-122.47202,37.7311],[-122.47194,37.73111],[-122.47189,37.73196],[-122.4718,37.73326],[-122.47176,37.73385],[-122.47175,37.73422],[-122.4717,37.73457],[-122.47157,37.73471],[-122.47149,37.73499],[-122.47117,37.73564],[-122.47065,37.73657],[-122.47061,37.73661],[-122.47068,37.73665],[-122.47081,37.73677],[-122.47087,37.73695],[-122.47092,37.73757],[-122.47096,37.73765],[-122.47109,37.73951],[-122.47123,37.74138],[-122.47011,37.74143],[-122.46903,37.74147],[-122.46867,37.74149],[-122.46856,37.7415],[-122.46775,37.74341],[-122.46686,37.74349],[-122.46604,37.74356],[-122.46581,37.74357],[-122.46474,37.74366],[-122.46369,37.74375],[-122.46341,37.74397],[-122.46138,37.74557],[-122.46125,37.74547],[-122.46118,37.74546],[-122.46085,37.7454],[-122.45914,37.74686],[-122.45939,37.74712],[-122.45935,37.74715],[-122.4593,37.74719],[-122.45924,37.74723],[-122.45917,37.74729],[-122.45874,37.74688],[-122.45847,37.74687],[-122.45791,37.74686],[-122.45725,37.74675],[-122.45716,37.74674],[-122.45708,37.74673],[-122.45667,37.74666],[-122.45638,37.74659],[-122.45631,37.74658],[-122.45622,37.74656],[-122.45584,37.74647],[-122.45551,37.7471],[-122.45462,37.7471],[-122.45462,37.7513],[-122.45439,37.75128],[-122.45441,37.75118],[-122.45432,37.75103],[-122.45412,37.75082],[-122.45404,37.75063],[-122.45402,37.75],[-122.45404,37.74977],[-122.45415,37.74943],[-122.45417,37.74904],[-122.45408,37.74897],[-122.45314,37.74897],[-122.45309,37.74903],[-122.45308,37.74935],[-122.45313,37.74952],[-122.45314,37.74965],[-122.45316,37.75034],[-122.45315,37.75057],[-122.45309,37.75085],[-122.45301,37.75115],[-122.45293,37.75121],[-122.45213,37.75124],[-122.45212,37.74935],[-122.45212,37.74867],[-122.4521,37.74843],[-122.45203,37.74827],[-122.45176,37.74798],[-122.45118,37.74736],[-122.45079,37.74694],[-122.45065,37.74687],[-122.45052,37.74683],[-122.44983,37.74685],[-122.44966,37.74679],[-122.44945,37.74666],[-122.4498,37.74644],[-122.45017,37.74627],[-122.45052,37.74621],[-122.45073,37.74619],[-122.45087,37.74608],[-122.45084,37.7459],[-122.45097,37.74587],[-122.45169,37.74563],[-122.45155,37.74551],[-122.45164,37.74548],[-122.45069,37.74431],[-122.45014,37.7436],[-122.44986,37.74327],[-122.44979,37.74326],[-122.44971,37.74318],[-122.44958,37.74307],[-122.44936,37.74292],[-122.44914,37.74283],[-122.44882,37.74275],[-122.44849,37.74271],[-122.44739,37.74261],[-122.44711,37.74258],[-122.44684,37.74252],[-122.44666,37.74244],[-122.44652,37.74236],[-122.44641,37.74228],[-122.44637,37.74224],[-122.44632,37.74219],[-122.44626,37.74207],[-122.44624,37.74201],[-122.4462,37.74187],[-122.44616,37.74154],[-122.4461,37.74136],[-122.44606,37.74128],[-122.44599,37.74118],[-122.4459,37.74112],[-122.44574,37.74102],[-122.44552,37.74097],[-122.4452,37.74092],[-122.44491,37.74087],[-122.44468,37.74079],[-122.44452,37.74069],[-122.44437,37.74058],[-122.44413,37.74028],[-122.4441,37.74023],[-122.44392,37.74009],[-122.44388,37.74006],[-122.44369,37.73997],[-122.44342,37.7399],[-122.44302,37.73981],[-122.44286,37.73977],[-122.44272,37.73968],[-122.4426,37.73955],[-122.44258,37.73952],[-122.44253,37.73945],[-122.4425,37.73924],[-122.44263,37.73857],[-122.44263,37.73831],[-122.44258,37.73817],[-122.44245,37.7378],[-122.4424,37.73764],[-122.44474,37.73764],[-122.44601,37.7356],[-122.44641,37.7356],[-122.44638,37.73542],[-122.44629,37.73522],[-122.44622,37.73514],[-122.44606,37.73501],[-122.44583,37.73486],[-122.44535,37.73455],[-122.44434,37.73456],[-122.44432,37.73381],[-122.44432,37.73351],[-122.44432,37.73309],[-122.44431,37.73235],[-122.4443,37.73228],[-122.4443,37.73161],[-122.4443,37.73152],[-122.4443,37.73107],[-122.4443,37.73071],[-122.44657,37.7307],[-122.44886,37.73069],[-122.45114,37.73068],[-122.45341,37.73067],[-122.45341,37.73114],[-122.45341,37.73145],[-122.45341,37.73149],[-122.45341,37.73153],[-122.45341,37.73157],[-122.45358,37.73156],[-122.45467,37.73154],[-122.45483,37.73152],[-122.45492,37.73149],[-122.45577,37.7314],[-122.45662,37.73123],[-122.45748,37.73105],[-122.45747,37.73095],[-122.45753,37.73088],[-122.45752,37.73078],[-122.45745,37.73069],[-122.4579,37.73075],[-122.45822,37.73078],[-122.45847,37.73075],[-122.45869,37.73075],[-122.45889,37.73076],[-122.45925,37.73078],[-122.45919,37.7306],[-122.45935,37.73052],[-122.45956,37.73037],[-122.45978,37.73011],[-122.45988,37.72988],[-122.45993,37.72971],[-122.45998,37.72952],[-122.46002,37.7292],[-122.46,37.72874],[-122.46041,37.72874],[-122.46082,37.72868],[-122.46095,37.72861],[-122.46075,37.72812],[-122.46076,37.72801],[-122.46076,37.72761],[-122.46102,37.72764],[-122.46127,37.72761],[-122.46167,37.72749],[-122.46197,37.72747],[-122.46255,37.72713],[-122.46255,37.727],[-122.46258,37.72674],[-122.46269,37.72578],[-122.46279,37.72555],[-122.4622,37.72529],[-122.46226,37.72521],[-122.46228,37.72487],[-122.46228,37.72427],[-122.46227,37.72364],[-122.46227,37.72302],[-122.46243,37.72301],[-122.46266,37.72295],[-122.46284,37.7228],[-122.46319,37.72261],[-122.46375,37.7224],[-122.46398,37.72233],[-122.46429,37.72211],[-122.46444,37.72191],[-122.46448,37.72168],[-122.46539,37.72167],[-122.46556,37.72167],[-122.46628,37.72167],[-122.46659,37.72167],[-122.46719,37.72166],[-122.46762,37.72166],[-122.46808,37.72166],[-122.46866,37.72165],[-122.46897,37.72165],[-122.46974,37.72164],[-122.46988,37.72164],[-122.47078,37.72164],[-122.47167,37.72163],[-122.47176,37.72167],[-122.47198,37.72166],[-122.47225,37.72163],[-122.47244,37.7216],[-122.47243,37.72175]]]},"properties":{"zipCode":"94127"}},{"type":"Feature","geometry":{"type":"Polygon","coordinates":[[[-122.46377,37.75414],[-122.46366,37.75459],[-122.46361,37.75474],[-122.46363,37.75479],[-122.46358,37.75501],[-122.46356,37.7553],[-122.46363,37.7564],[-122.46257,37.75668],[-122.46315,37.75861],[-122.46323,37.75856],[-122.46327,37.75871],[-122.46036,37.75927],[-122.45999,37.75935],[-122.46057,37.76055],[-122.46084,37.76263],[-122.45979,37.76293],[-122.45783,37.76348],[-122.45754,37.76357],[-122.45667,37.76382],[-122.45642,37.76388],[-122.45604,37.764],[-122.456,37.7639],[-122.45601,37.76377],[-122.45607,37.7636],[-122.4561,37.7634],[-122.45612,37.76321],[-122.45618,37.76299],[-122.45629,37.7628],[-122.45631,37.76264],[-122.45634,37.76254],[-122.4565,37.76233],[-122.45665,37.76213],[-122.45685,37.76195],[-122.45699,37.76184],[-122.45917,37.76191],[-122.45791,37.761],[-122.45754,37.76109],[-122.45705,37.76114],[-122.45664,37.7611],[-122.45611,37.76091],[-122.45589,37.76077],[-122.45586,37.76048],[-122.45594,37.76024],[-122.45633,37.76005],[-122.45667,37.75992],[-122.45681,37.7598],[-122.45685,37.75962],[-122.4568,37.75943],[-122.4566,37.75923],[-122.45577,37.75901],[-122.45527,37.75902],[-122.45494,37.75875],[-122.45445,37.7588],[-122.45408,37.7588],[-122.454,37.75878],[-122.4538,37.75874],[-122.45357,37.75863],[-122.45323,37.75839],[-122.45316,37.75832],[-122.4529,37.75806],[-122.45332,37.75782],[-122.45359,37.75762],[-122.45367,37.75756],[-122.45377,37.75747],[-122.45362,37.75695],[-122.45353,37.75682],[-122.45335,37.7567],[-122.45317,37.75669],[-122.45253,37.75703],[-122.45237,37.75707],[-122.45223,37.75703],[-122.45214,37.75692],[-122.45213,37.75666],[-122.45192,37.75667],[-122.45111,37.75671],[-122.45029,37.75746],[-122.44792,37.75759],[-122.44782,37.75749],[-122.44771,37.75735],[-122.44755,37.75719],[-122.44731,37.75704],[-122.44717,37.75692],[-122.44712,37.75688],[-122.44703,37.75676],[-122.44695,37.75655],[-122.44595,37.75641],[-122.44585,37.75643],[-122.44565,37.75645],[-122.44528,37.75657],[-122.44503,37.75661],[-122.44476,37.75656],[-122.44455,37.75643],[-122.4445,37.75637],[-122.44449,37.75635],[-122.44434,37.75617],[-122.44428,37.75603],[-122.44424,37.75591],[-122.44422,37.75558],[-122.44421,37.75516],[-122.44419,37.75502],[-122.444,37.75461],[-122.44397,37.75446],[-122.444,37.75427],[-122.44406,37.75417],[-122.4431,37.75404],[-122.44301,37.75401],[-122.4425,37.75446],[-122.44241,37.75462],[-122.44239,37.75482],[-122.44235,37.75507],[-122.44241,37.75521],[-122.44255,37.75533],[-122.44278,37.7554],[-122.44293,37.75548],[-122.44241,37.75577],[-122.44178,37.75605],[-122.44152,37.75615],[-122.44128,37.75615],[-122.44119,37.75626],[-122.44112,37.75618],[-122.44109,37.75611],[-122.44111,37.75589],[-122.44129,37.75563],[-122.44172,37.75499],[-122.44184,37.75467],[-122.44192,37.75452],[-122.44248,37.75372],[-122.44253,37.75361],[-122.44267,37.75304],[-122.44278,37.75257],[-122.44267,37.75256],[-122.44266,37.75263],[-122.44243,37.75358],[-122.44238,37.75366],[-122.44222,37.7539],[-122.44181,37.75448],[-122.44173,37.75464],[-122.44161,37.75495],[-122.44119,37.75558],[-122.441,37.75586],[-122.44097,37.75612],[-122.441,37.75622],[-122.4409,37.75625],[-122.44013,37.75642],[-122.44009,37.75638],[-122.44003,37.75596],[-122.44003,37.7558],[-122.44011,37.75561],[-122.44035,37.75523],[-122.44045,37.75506],[-122.44077,37.75461],[-122.4409,37.75449],[-122.44108,37.75418],[-122.44116,37.75409],[-122.44131,37.75388],[-122.44181,37.75347],[-122.44189,37.75336],[-122.44206,37.75307],[-122.44224,37.75283],[-122.44249,37.75261],[-122.44253,37.75238],[-122.4427,37.75238],[-122.44285,37.75238],[-122.44299,37.75181],[-122.44306,37.75153],[-122.44321,37.75094],[-122.44326,37.75077],[-122.44342,37.7501],[-122.44344,37.75001],[-122.44355,37.74944],[-122.4437,37.74918],[-122.44409,37.74869],[-122.44427,37.74838],[-122.44422,37.74803],[-122.44416,37.74779],[-122.44417,37.74756],[-122.44429,37.74731],[-122.44443,37.74717],[-122.44462,37.74708],[-122.44474,37.74705],[-122.44482,37.74697],[-122.44479,37.74693],[-122.44477,37.74692],[-122.44456,37.74669],[-122.4441,37.74672],[-122.44396,37.74676],[-122.44316,37.7475],[-122.44258,37.74808],[-122.44252,37.74818],[-122.44192,37.74847],[-122.44156,37.74857],[-122.44141,37.74861],[-122.44069,37.74864],[-122.43972,37.74865],[-122.43886,37.74866],[-122.43825,37.74866],[-122.43817,37.74783],[-122.43599,37.74796],[-122.43377,37.7481],[-122.43156,37.74823],[-122.42935,37.74836],[-122.42712,37.7485],[-122.42695,37.74851],[-122.42537,37.7486],[-122.42493,37.74863],[-122.42492,37.74851],[-122.42486,37.74794],[-122.42485,37.74783],[-122.42484,37.74771],[-122.42478,37.74714],[-122.42478,37.74703],[-122.42463,37.74704],[-122.42454,37.74624],[-122.42447,37.74544],[-122.42462,37.74543],[-122.42461,37.74532],[-122.42456,37.74475],[-122.42454,37.74463],[-122.4244,37.74464],[-122.42431,37.74384],[-122.42424,37.74304],[-122.42416,37.74224],[-122.42406,37.74105],[-122.42394,37.74089],[-122.42404,37.74066],[-122.42405,37.74063],[-122.42414,37.74034],[-122.42426,37.73993],[-122.42427,37.73987],[-122.42428,37.73978],[-122.42449,37.73899],[-122.42472,37.73843],[-122.42495,37.73806],[-122.42508,37.73785],[-122.42529,37.73764],[-122.4256,37.73732],[-122.42617,37.73684],[-122.42666,37.73642],[-122.42672,37.73637],[-122.42787,37.73554],[-122.42802,37.73544],[-122.42857,37.73508],[-122.42861,37.73506],[-122.42884,37.73493],[-122.42939,37.73464],[-122.4296,37.73452],[-122.4298,37.73441],[-122.4304,37.73412],[-122.43093,37.73387],[-122.43242,37.73318],[-122.4324,37.73316],[-122.43221,37.73305],[-122.43219,37.73304],[-122.43212,37.733],[-122.43223,37.73293],[-122.4323,37.73298],[-122.43233,37.733],[-122.43284,37.73275],[-122.4339,37.73224],[-122.43386,37.73217],[-122.43398,37.7322],[-122.43447,37.73197],[-122.43479,37.73177],[-122.43484,37.73172],[-122.43503,37.73154],[-122.43515,37.73149],[-122.43525,37.73151],[-122.43526,37.73151],[-122.43517,37.73165],[-122.4354,37.73162],[-122.4356,37.7316],[-122.43589,37.73158],[-122.43613,37.73147],[-122.43645,37.73133],[-122.43701,37.73112],[-122.43819,37.7307],[-122.43854,37.73057],[-122.43956,37.73019],[-122.43948,37.73011],[-122.4401,37.72988],[-122.44026,37.72982],[-122.44078,37.72961],[-122.44114,37.72946],[-122.44123,37.72942],[-122.4418,37.7292],[-122.44197,37.72914],[-122.44272,37.72879],[-122.44308,37.72863],[-122.44366,37.7283],[-122.44371,37.7283],[-122.44428,37.72826],[-122.44428,37.72909],[-122.44429,37.7299],[-122.4443,37.73071],[-122.4443,37.73107],[-122.4443,37.73152],[-122.4443,37.73161],[-122.4443,37.73228],[-122.44431,37.73235],[-122.44432,37.73309],[-122.44432,37.73351],[-122.44432,37.73381],[-122.44434,37.73456],[-122.44535,37.73455],[-122.44583,37.73486],[-122.44606,37.73501],[-122.44622,37.73514],[-122.44629,37.73522],[-122.44638,37.73542],[-122.44641,37.7356],[-122.44601,37.7356],[-122.44474,37.73764],[-122.4424,37.73764],[-122.44245,37.7378],[-122.44258,37.73817],[-122.44263,37.73831],[-122.44263,37.73857],[-122.4425,37.73924],[-122.44253,37.73945],[-122.44258,37.73952],[-122.4426,37.73955],[-122.44272,37.73968],[-122.44286,37.73977],[-122.44302,37.73981],[-122.44342,37.7399],[-122.44369,37.73997],[-122.44388,37.74006],[-122.44392,37.74009],[-122.4441,37.74023],[-122.44413,37.74028],[-122.44437,37.74058],[-122.44452,37.74069],[-122.44468,37.74079],[-122.44491,37.74087],[-122.4452,37.74092],[-122.44552,37.74097],[-122.44574,37.74102],[-122.4459,37.74112],[-122.44599,37.74118],[-122.44606,37.74128],[-122.4461,37.74136],[-122.44616,37.74154],[-122.4462,37.74187],[-122.44624,37.74201],[-122.44626,37.74207],[-122.44632,37.74219],[-122.44637,37.74224],[-122.44641,37.74228],[-122.44652,37.74236],[-122.44666,37.74244],[-122.44684,37.74252],[-122.44711,37.74258],[-122.44739,37.74261],[-122.44849,37.74271],[-122.44882,37.74275],[-122.44914,37.74283],[-122.44936,37.74292],[-122.44958,37.74307],[-122.44971,37.74318],[-122.44979,37.74326],[-122.44986,37.74327],[-122.45014,37.7436],[-122.45069,37.74431],[-122.45164,37.74548],[-122.45155,37.74551],[-122.45169,37.74563],[-122.45097,37.74587],[-122.45084,37.7459],[-122.45087,37.74608],[-122.45073,37.74619],[-122.45052,37.74621],[-122.45017,37.74627],[-122.4498,37.74644],[-122.44945,37.74666],[-122.44966,37.74679],[-122.44983,37.74685],[-122.45052,37.74683],[-122.45065,37.74687],[-122.45079,37.74694],[-122.45118,37.74736],[-122.45176,37.74798],[-122.45203,37.74827],[-122.4521,37.74843],[-122.45212,37.74867],[-122.45212,37.74935],[-122.45213,37.75124],[-122.45293,37.75121],[-122.45301,37.75115],[-122.45309,37.75085],[-122.45315,37.75057],[-122.45316,37.75034],[-122.45314,37.74965],[-122.45313,37.74952],[-122.45308,37.74935],[-122.45309,37.74903],[-122.45314,37.74897],[-122.45408,37.74897],[-122.45417,37.74904],[-122.45415,37.74943],[-122.45404,37.74977],[-122.45402,37.75],[-122.45404,37.75063],[-122.45412,37.75082],[-122.45432,37.75103],[-122.45441,37.75118],[-122.45439,37.75128],[-122.45462,37.7513],[-122.45462,37.7471],[-122.45551,37.7471],[-122.45584,37.74647],[-122.45622,37.74656],[-122.45631,37.74658],[-122.45638,37.74659],[-122.45667,37.74666],[-122.45708,37.74673],[-122.45716,37.74674],[-122.45725,37.74675],[-122.45791,37.74686],[-122.45847,37.74687],[-122.45874,37.74688],[-122.45917,37.74729],[-122.45902,37.74731],[-122.45871,37.74761],[-122.45864,37.74777],[-122.45866,37.74804],[-122.45885,37.74826],[-122.4595,37.74892],[-122.45958,37.74897],[-122.45964,37.74902],[-122.46035,37.74978],[-122.46049,37.74997],[-122.461,37.75096],[-122.46131,37.75135],[-122.46147,37.75152],[-122.4617,37.75168],[-122.46211,37.75197],[-122.46222,37.75207],[-122.46262,37.75242],[-122.46289,37.75264],[-122.46336,37.75304],[-122.46358,37.75333],[-122.46371,37.75362],[-122.46375,37.75375],[-122.46377,37.75381],[-122.46377,37.75414]]]},"properties":{"zipCode":"94131"}},{"type":"Feature","geometry":{"type":"MultiPolygon","coordinates":[[[[-122.4515,37.8034],[-122.45125,37.80357],[-122.45088,37.80377],[-122.4505,37.80393],[-122.45017,37.80403],[-122.44983,37.80413],[-122.44947,37.80423],[-122.44922,37.8043],[-122.44891,37.80441],[-122.44864,37.80455],[-122.44829,37.80479],[-122.44832,37.80499],[-122.44849,37.80609],[-122.44839,37.80622],[-122.44818,37.80634],[-122.44815,37.80635],[-122.44819,37.80675],[-122.44813,37.8069],[-122.44868,37.80863],[-122.44308,37.80973],[-122.43955,37.80888],[-122.44087,37.80698],[-122.44092,37.80694],[-122.44068,37.80696],[-122.44055,37.80697],[-122.44047,37.80699],[-122.44014,37.80702],[-122.4399,37.80705],[-122.43967,37.80709],[-122.43954,37.80712],[-122.43941,37.80713],[-122.4391,37.80715],[-122.43877,37.8072],[-122.43796,37.8073],[-122.43738,37.80739],[-122.43726,37.80741],[-122.43715,37.80741],[-122.43703,37.80743],[-122.43689,37.80747],[-122.43672,37.80749],[-122.43661,37.80752],[-122.43656,37.80753],[-122.43651,37.80752],[-122.4363,37.80754],[-122.43624,37.80756],[-122.43598,37.80756],[-122.43584,37.80757],[-122.43587,37.8077],[-122.43393,37.80795],[-122.43382,37.80792],[-122.43366,37.8082],[-122.43292,37.80795],[-122.43291,37.80797],[-122.43288,37.80796],[-122.43292,37.80789],[-122.43294,37.8079],[-122.43293,37.80792],[-122.43364,37.80817],[-122.4338,37.80791],[-122.43376,37.80789],[-122.43377,37.80787],[-122.43393,37.80793],[-122.43584,37.80768],[-122.43583,37.80766],[-122.43392,37.8079],[-122.4339,37.80779],[-122.43392,37.80779],[-122.43394,37.80787],[-122.43404,37.80786],[-122.43403,37.80778],[-122.43405,37.80777],[-122.43407,37.80786],[-122.43416,37.80785],[-122.43415,37.80776],[-122.43418,37.80776],[-122.43419,37.80784],[-122.43429,37.80783],[-122.43427,37.80775],[-122.4343,37.80774],[-122.43432,37.80783],[-122.43441,37.80782],[-122.4344,37.80773],[-122.43443,37.80773],[-122.43444,37.80781],[-122.43452,37.8078],[-122.43451,37.80772],[-122.43454,37.80771],[-122.43455,37.8078],[-122.43464,37.80779],[-122.43463,37.8077],[-122.43465,37.8077],[-122.43467,37.80778],[-122.43475,37.80777],[-122.43474,37.80769],[-122.43477,37.80768],[-122.43478,37.80777],[-122.43487,37.80776],[-122.43486,37.80767],[-122.43489,37.80767],[-122.4349,37.80775],[-122.43498,37.80774],[-122.43496,37.80766],[-122.43499,37.80765],[-122.43501,37.80774],[-122.43509,37.80773],[-122.43507,37.80765],[-122.4351,37.80764],[-122.43512,37.80772],[-122.43519,37.80772],[-122.43518,37.80763],[-122.43521,37.80763],[-122.43522,37.80771],[-122.4353,37.8077],[-122.43529,37.80762],[-122.43532,37.80761],[-122.43534,37.8077],[-122.4354,37.80769],[-122.43539,37.8076],[-122.43542,37.8076],[-122.43544,37.80769],[-122.43551,37.80768],[-122.4355,37.80759],[-122.43552,37.80759],[-122.43554,37.80767],[-122.43561,37.80766],[-122.4356,37.80758],[-122.43563,37.80758],[-122.43565,37.80766],[-122.43571,37.80765],[-122.43568,37.80757],[-122.43571,37.80756],[-122.43573,37.80765],[-122.43583,37.80764],[-122.43581,37.80757],[-122.43577,37.80757],[-122.43574,37.80755],[-122.43572,37.80752],[-122.43568,37.80741],[-122.43567,37.80726],[-122.43564,37.80726],[-122.43565,37.80736],[-122.43563,37.80736],[-122.43561,37.80727],[-122.43554,37.80728],[-122.43556,37.80737],[-122.43553,37.80738],[-122.43551,37.80728],[-122.43544,37.80729],[-122.43546,37.80739],[-122.43543,37.80739],[-122.4354,37.8073],[-122.43534,37.8073],[-122.43536,37.8074],[-122.43532,37.8074],[-122.4353,37.80731],[-122.43524,37.80732],[-122.43525,37.80741],[-122.43522,37.80742],[-122.4352,37.80732],[-122.43513,37.80733],[-122.43514,37.80742],[-122.43511,37.80743],[-122.43509,37.80733],[-122.43502,37.80734],[-122.43503,37.80744],[-122.435,37.80744],[-122.43498,37.80735],[-122.43491,37.80736],[-122.43493,37.80745],[-122.4349,37.80746],[-122.43487,37.80736],[-122.4348,37.80737],[-122.43481,37.80747],[-122.43478,37.80747],[-122.43476,37.80738],[-122.43469,37.80738],[-122.43471,37.80748],[-122.43468,37.80748],[-122.43465,37.80739],[-122.43458,37.8074],[-122.43459,37.80749],[-122.43456,37.8075],[-122.43454,37.8074],[-122.43446,37.80741],[-122.43448,37.80751],[-122.43445,37.80751],[-122.43442,37.80742],[-122.43435,37.80743],[-122.43436,37.80752],[-122.43434,37.80753],[-122.43431,37.80743],[-122.43423,37.80744],[-122.43425,37.80754],[-122.43422,37.80754],[-122.43419,37.80745],[-122.43411,37.80746],[-122.43412,37.80755],[-122.4341,37.80756],[-122.43407,37.80746],[-122.43399,37.80747],[-122.43401,37.80757],[-122.43398,37.80757],[-122.43395,37.80748],[-122.43387,37.80749],[-122.43388,37.80758],[-122.43386,37.80759],[-122.43383,37.80749],[-122.43375,37.8075],[-122.43376,37.8076],[-122.43373,37.8076],[-122.43371,37.80751],[-122.43361,37.80752],[-122.43363,37.80762],[-122.4336,37.80762],[-122.43356,37.80743],[-122.43359,37.80742],[-122.4336,37.8075],[-122.43368,37.80749],[-122.43367,37.80742],[-122.43369,37.80741],[-122.43372,37.80748],[-122.43379,37.80747],[-122.43379,37.8074],[-122.43381,37.8074],[-122.43383,37.80747],[-122.43391,37.80746],[-122.4339,37.80739],[-122.43393,37.80738],[-122.43395,37.80745],[-122.43402,37.80745],[-122.43402,37.80737],[-122.43404,37.80737],[-122.43406,37.80744],[-122.43413,37.80743],[-122.43412,37.80736],[-122.43415,37.80735],[-122.43417,37.80743],[-122.43424,37.80742],[-122.43424,37.80734],[-122.43426,37.80734],[-122.43428,37.80741],[-122.43435,37.8074],[-122.43434,37.80733],[-122.43437,37.80733],[-122.43439,37.8074],[-122.43446,37.80739],[-122.43445,37.80732],[-122.43448,37.80731],[-122.4345,37.80739],[-122.43457,37.80738],[-122.43456,37.8073],[-122.43459,37.8073],[-122.43461,37.80737],[-122.43468,37.80736],[-122.43467,37.80729],[-122.4347,37.80728],[-122.43472,37.80736],[-122.43478,37.80735],[-122.43477,37.80727],[-122.4348,37.80727],[-122.43482,37.80735],[-122.43488,37.80734],[-122.43487,37.80726],[-122.4349,37.80726],[-122.43492,37.80733],[-122.43499,37.80732],[-122.43498,37.80725],[-122.43501,37.80725],[-122.43503,37.80732],[-122.43509,37.80731],[-122.43508,37.80724],[-122.43511,37.80723],[-122.43513,37.80731],[-122.43519,37.8073],[-122.43518,37.80722],[-122.43521,37.80722],[-122.43523,37.80729],[-122.4353,37.80729],[-122.43528,37.80721],[-122.43532,37.80721],[-122.43533,37.80728],[-122.4354,37.80728],[-122.43538,37.8072],[-122.43541,37.8072],[-122.43542,37.80726],[-122.43545,37.80726],[-122.43544,37.80719],[-122.43546,37.80719],[-122.43547,37.80725],[-122.43551,37.80725],[-122.4355,37.80719],[-122.43552,37.80718],[-122.43554,37.80726],[-122.4356,37.80725],[-122.43559,37.80718],[-122.43561,37.80717],[-122.43563,37.80724],[-122.43566,37.80724],[-122.43559,37.80691],[-122.43556,37.80691],[-122.43557,37.80699],[-122.43554,37.807],[-122.43553,37.80692],[-122.43547,37.80692],[-122.43548,37.80701],[-122.43545,37.80701],[-122.43543,37.80693],[-122.43537,37.80694],[-122.43538,37.80702],[-122.43535,37.80702],[-122.43532,37.80694],[-122.43527,37.80695],[-122.43527,37.80703],[-122.43525,37.80704],[-122.43522,37.80695],[-122.43516,37.80696],[-122.43517,37.80704],[-122.43514,37.80705],[-122.43512,37.80697],[-122.43506,37.80698],[-122.43507,37.80706],[-122.43504,37.80706],[-122.43501,37.80698],[-122.43496,37.80699],[-122.43497,37.80707],[-122.43494,37.80707],[-122.43491,37.80699],[-122.43486,37.807],[-122.43486,37.80709],[-122.43484,37.80709],[-122.43481,37.80701],[-122.43476,37.80701],[-122.43476,37.8071],[-122.43474,37.8071],[-122.43471,37.80702],[-122.43465,37.80703],[-122.43466,37.80711],[-122.43463,37.80711],[-122.4346,37.80703],[-122.43455,37.80704],[-122.43455,37.80712],[-122.43453,37.80713],[-122.4345,37.80705],[-122.43444,37.80705],[-122.43445,37.80714],[-122.43442,37.80714],[-122.43439,37.80706],[-122.43433,37.80707],[-122.43434,37.80715],[-122.43431,37.80715],[-122.43429,37.80707],[-122.43422,37.80708],[-122.43423,37.80716],[-122.4342,37.80717],[-122.43418,37.80709],[-122.43411,37.8071],[-122.43412,37.80718],[-122.43409,37.80718],[-122.43406,37.8071],[-122.43401,37.80711],[-122.43402,37.80719],[-122.43399,37.80719],[-122.43396,37.80711],[-122.43389,37.80712],[-122.4339,37.8072],[-122.43387,37.80721],[-122.43385,37.80713],[-122.43378,37.80714],[-122.43379,37.80722],[-122.43376,37.80722],[-122.43373,37.80714],[-122.43367,37.80715],[-122.43367,37.80723],[-122.43364,37.80724],[-122.43362,37.80716],[-122.43355,37.80717],[-122.43356,37.80725],[-122.43353,37.80725],[-122.43351,37.80717],[-122.43344,37.80718],[-122.43345,37.80726],[-122.43342,37.80727],[-122.43339,37.80719],[-122.43333,37.80719],[-122.43333,37.80728],[-122.43331,37.80728],[-122.43328,37.8072],[-122.43321,37.80721],[-122.43322,37.80729],[-122.43319,37.80729],[-122.43317,37.80722],[-122.4331,37.80722],[-122.43311,37.80731],[-122.43308,37.80731],[-122.43305,37.80713],[-122.43308,37.80713],[-122.43309,37.8072],[-122.43316,37.80719],[-122.43315,37.80712],[-122.43318,37.80711],[-122.43321,37.80719],[-122.43327,37.80718],[-122.43327,37.8071],[-122.4333,37.8071],[-122.43332,37.80717],[-122.43338,37.80717],[-122.43337,37.80709],[-122.43341,37.80709],[-122.43343,37.80716],[-122.43349,37.80715],[-122.43348,37.80708],[-122.43351,37.80707],[-122.43353,37.80715],[-122.43359,37.80714],[-122.43358,37.80707],[-122.43361,37.80706],[-122.43363,37.80713],[-122.43369,37.80713],[-122.43368,37.80705],[-122.43371,37.80705],[-122.43373,37.80712],[-122.4338,37.80711],[-122.43378,37.80704],[-122.43381,37.80704],[-122.43382,37.8071],[-122.43386,37.80709],[-122.43385,37.80703],[-122.43387,37.80703],[-122.43389,37.80709],[-122.43391,37.80709],[-122.4339,37.80702],[-122.43393,37.80702],[-122.43395,37.8071],[-122.43401,37.80709],[-122.43401,37.80701],[-122.43404,37.80701],[-122.43406,37.80708],[-122.43442,37.80704],[-122.43442,37.807],[-122.43426,37.807],[-122.43421,37.807],[-122.43417,37.80697],[-122.43412,37.80693],[-122.43412,37.8069],[-122.43409,37.80683],[-122.43406,37.80677],[-122.43405,37.80674],[-122.43399,37.80675],[-122.43399,37.80682],[-122.43396,37.80682],[-122.43394,37.80675],[-122.43387,37.80676],[-122.43387,37.80683],[-122.43384,37.80684],[-122.43382,37.80677],[-122.43376,37.80678],[-122.43376,37.80685],[-122.43373,37.80685],[-122.43371,37.80678],[-122.43365,37.80679],[-122.43366,37.80686],[-122.43363,37.80686],[-122.4336,37.8068],[-122.43356,37.8068],[-122.43356,37.80687],[-122.43353,37.80688],[-122.43351,37.80681],[-122.43345,37.80681],[-122.43345,37.80689],[-122.43342,37.80689],[-122.4334,37.80682],[-122.43335,37.80683],[-122.43336,37.8069],[-122.43333,37.8069],[-122.43331,37.80683],[-122.43326,37.80684],[-122.43326,37.80691],[-122.43323,37.80691],[-122.43321,37.80684],[-122.43316,37.80685],[-122.43316,37.80692],[-122.43313,37.80693],[-122.43311,37.80686],[-122.43306,37.80686],[-122.43306,37.80693],[-122.43303,37.80694],[-122.43301,37.80687],[-122.43294,37.80688],[-122.43296,37.80695],[-122.43293,37.80695],[-122.4329,37.8068],[-122.43292,37.80679],[-122.43294,37.80685],[-122.43301,37.80684],[-122.433,37.80678],[-122.43303,37.80678],[-122.43304,37.80684],[-122.43312,37.80683],[-122.43311,37.80677],[-122.43314,37.80677],[-122.43315,37.80683],[-122.43322,37.80682],[-122.43321,37.80676],[-122.43324,37.80675],[-122.43325,37.80682],[-122.43332,37.80681],[-122.43331,37.80674],[-122.43334,37.80674],[-122.43335,37.8068],[-122.43342,37.8068],[-122.43341,37.80673],[-122.43344,37.80673],[-122.43345,37.80679],[-122.43352,37.80678],[-122.43351,37.80672],[-122.43354,37.80671],[-122.43356,37.80678],[-122.43361,37.80677],[-122.4336,37.80671],[-122.43363,37.8067],[-122.43365,37.80677],[-122.43371,37.80676],[-122.4337,37.8067],[-122.43373,37.80669],[-122.43375,37.80675],[-122.4338,37.80675],[-122.43379,37.80668],[-122.43382,37.80668],[-122.43384,37.80674],[-122.4339,37.80674],[-122.43389,37.80667],[-122.43392,37.80667],[-122.43393,37.80673],[-122.43399,37.80673],[-122.43398,37.80666],[-122.43401,37.80666],[-122.43402,37.80672],[-122.43405,37.80672],[-122.43405,37.80667],[-122.43402,37.80649],[-122.43399,37.80643],[-122.43397,37.80644],[-122.43398,37.8065],[-122.43395,37.8065],[-122.43393,37.80644],[-122.43389,37.80644],[-122.43389,37.80651],[-122.43386,37.80652],[-122.43384,37.80645],[-122.43379,37.80646],[-122.43379,37.80653],[-122.43377,37.80653],[-122.43375,37.80646],[-122.4337,37.80647],[-122.4337,37.80654],[-122.43367,37.80654],[-122.43365,37.80647],[-122.4336,37.80648],[-122.4336,37.80655],[-122.43357,37.80655],[-122.43355,37.80649],[-122.4335,37.80649],[-122.43351,37.80656],[-122.43348,37.80657],[-122.43346,37.8065],[-122.4334,37.80651],[-122.43341,37.80658],[-122.43338,37.80658],[-122.43336,37.80651],[-122.43331,37.80652],[-122.43331,37.80659],[-122.43328,37.80659],[-122.43326,37.80653],[-122.43321,37.80653],[-122.43321,37.8066],[-122.43318,37.80661],[-122.43316,37.80654],[-122.4331,37.80655],[-122.4331,37.80662],[-122.43308,37.80662],[-122.43305,37.80655],[-122.43299,37.80656],[-122.43299,37.80663],[-122.43297,37.80663],[-122.43295,37.80657],[-122.43289,37.80657],[-122.43289,37.80664],[-122.43287,37.80665],[-122.43284,37.80649],[-122.43287,37.80649],[-122.43288,37.80655],[-122.43295,37.80654],[-122.43294,37.80648],[-122.43297,37.80648],[-122.43299,37.80654],[-122.43305,37.80653],[-122.43305,37.80647],[-122.43307,37.80646],[-122.43309,37.80653],[-122.43316,37.80652],[-122.43315,37.80645],[-122.43318,37.80645],[-122.4332,37.80651],[-122.43326,37.8065],[-122.43325,37.80644],[-122.43328,37.80643],[-122.4333,37.8065],[-122.43336,37.80649],[-122.43335,37.80642],[-122.43338,37.80642],[-122.43339,37.80648],[-122.43345,37.80648],[-122.43345,37.80641],[-122.43347,37.80641],[-122.43349,37.80647],[-122.43355,37.80646],[-122.43355,37.8064],[-122.43357,37.8064],[-122.43359,37.80646],[-122.43365,37.80645],[-122.43364,37.80639],[-122.43367,37.80638],[-122.43369,37.80645],[-122.43374,37.80644],[-122.43374,37.80637],[-122.43377,37.80637],[-122.43378,37.80644],[-122.43384,37.80643],[-122.43384,37.80636],[-122.43386,37.80636],[-122.43388,37.80642],[-122.43393,37.80642],[-122.43392,37.80635],[-122.43395,37.80635],[-122.43396,37.80642],[-122.43399,37.80641],[-122.434,37.80636],[-122.43398,37.80633],[-122.43394,37.80623],[-122.43395,37.80618],[-122.43394,37.80613],[-122.4339,37.80613],[-122.43391,37.8062],[-122.43388,37.8062],[-122.43387,37.80613],[-122.43382,37.80614],[-122.43382,37.80621],[-122.4338,37.80621],[-122.43378,37.80614],[-122.43373,37.80615],[-122.43373,37.80622],[-122.4337,37.80622],[-122.43368,37.80616],[-122.43363,37.80616],[-122.43363,37.80623],[-122.43361,37.80624],[-122.43359,37.80617],[-122.43353,37.80617],[-122.43354,37.80625],[-122.43351,37.80625],[-122.43349,37.80618],[-122.43344,37.80619],[-122.43344,37.80626],[-122.43341,37.80626],[-122.43339,37.80619],[-122.43334,37.8062],[-122.43335,37.80627],[-122.43332,37.80627],[-122.4333,37.80621],[-122.43324,37.80621],[-122.43325,37.80628],[-122.43322,37.80629],[-122.4332,37.80622],[-122.43314,37.80623],[-122.43314,37.8063],[-122.43312,37.8063],[-122.4331,37.80623],[-122.43304,37.80624],[-122.43304,37.80631],[-122.43302,37.80631],[-122.433,37.80624],[-122.43293,37.80625],[-122.43293,37.80632],[-122.4329,37.80633],[-122.43289,37.80626],[-122.43282,37.80627],[-122.43283,37.80634],[-122.43281,37.80634],[-122.43277,37.80619],[-122.4328,37.80618],[-122.43281,37.80625],[-122.43288,37.80624],[-122.43288,37.80617],[-122.4329,37.80617],[-122.43292,37.80623],[-122.43299,37.80622],[-122.43299,37.80616],[-122.43301,37.80615],[-122.43303,37.80622],[-122.43309,37.80621],[-122.43309,37.80615],[-122.43312,37.80614],[-122.43313,37.80621],[-122.43319,37.8062],[-122.43319,37.80613],[-122.43322,37.80613],[-122.43324,37.80619],[-122.43329,37.80618],[-122.43329,37.80612],[-122.43332,37.80612],[-122.43333,37.80618],[-122.43339,37.80617],[-122.43339,37.80611],[-122.43342,37.8061],[-122.43343,37.80617],[-122.43348,37.80616],[-122.43348,37.80609],[-122.43351,37.80609],[-122.43353,37.80615],[-122.43358,37.80615],[-122.43358,37.80608],[-122.43361,37.80608],[-122.43362,37.80614],[-122.43367,37.80613],[-122.43367,37.80607],[-122.4337,37.80607],[-122.43372,37.80613],[-122.43377,37.80612],[-122.43377,37.80606],[-122.4338,37.80605],[-122.43382,37.80612],[-122.43387,37.80611],[-122.43386,37.80604],[-122.43389,37.80604],[-122.4339,37.80611],[-122.43394,37.80611],[-122.43387,37.80582],[-122.43381,37.80583],[-122.43382,37.8059],[-122.43379,37.8059],[-122.43378,37.80584],[-122.43375,37.80585],[-122.43376,37.80591],[-122.43374,37.80591],[-122.43373,37.80585],[-122.4337,37.80585],[-122.43371,37.80591],[-122.43368,37.80592],[-122.43367,37.80585],[-122.43361,37.80585],[-122.43362,37.80592],[-122.43359,37.80593],[-122.43357,37.80586],[-122.43352,37.80587],[-122.43352,37.80594],[-122.4335,37.80594],[-122.43348,37.80587],[-122.43343,37.80588],[-122.43343,37.80595],[-122.43341,37.80595],[-122.43339,37.80588],[-122.43333,37.80589],[-122.43333,37.80596],[-122.43331,37.80596],[-122.43329,37.8059],[-122.43323,37.8059],[-122.43323,37.80597],[-122.43321,37.80598],[-122.43319,37.80591],[-122.43313,37.80592],[-122.43313,37.80599],[-122.4331,37.80599],[-122.43309,37.80592],[-122.43302,37.80593],[-122.43303,37.806],[-122.433,37.806],[-122.43298,37.80594],[-122.43291,37.80594],[-122.43292,37.80601],[-122.43289,37.80602],[-122.43288,37.80595],[-122.43281,37.80596],[-122.43282,37.80603],[-122.43279,37.80603],[-122.43276,37.80589],[-122.43279,37.80589],[-122.43281,37.80594],[-122.43287,37.80593],[-122.43287,37.80588],[-122.4329,37.80587],[-122.43291,37.80592],[-122.43297,37.80592],[-122.43297,37.80586],[-122.433,37.80586],[-122.43302,37.80591],[-122.43308,37.8059],[-122.43307,37.80585],[-122.4331,37.80585],[-122.43311,37.8059],[-122.43317,37.80589],[-122.43317,37.80583],[-122.4332,37.80583],[-122.43322,37.80588],[-122.43327,37.80588],[-122.43327,37.80582],[-122.4333,37.80582],[-122.43331,37.80587],[-122.43337,37.80586],[-122.43336,37.80581],[-122.43339,37.80581],[-122.43341,37.80586],[-122.43346,37.80585],[-122.43346,37.8058],[-122.43349,37.8058],[-122.4335,37.80585],[-122.43356,37.80584],[-122.43356,37.80579],[-122.43359,37.80578],[-122.4336,37.80583],[-122.43365,37.80583],[-122.43365,37.80577],[-122.43368,37.80577],[-122.4337,37.80582],[-122.43381,37.80581],[-122.43381,37.80578],[-122.43384,37.80578],[-122.43384,37.80581],[-122.43387,37.8058],[-122.43385,37.80572],[-122.43381,37.80567],[-122.43375,37.80563],[-122.43369,37.8056],[-122.43362,37.80559],[-122.43355,37.80559],[-122.43272,37.80572],[-122.43266,37.80575],[-122.43262,37.80579],[-122.4326,37.80586],[-122.4325,37.80594],[-122.43239,37.80596],[-122.4324,37.80598],[-122.43252,37.80596],[-122.43263,37.80587],[-122.43265,37.80589],[-122.43253,37.80598],[-122.43241,37.80601],[-122.4324,37.80607],[-122.43241,37.8061],[-122.43252,37.80608],[-122.43252,37.80611],[-122.43241,37.80613],[-122.43249,37.80636],[-122.43245,37.80637],[-122.43252,37.80658],[-122.4325,37.80659],[-122.43243,37.80637],[-122.4324,37.80638],[-122.4323,37.80608],[-122.43237,37.80607],[-122.43238,37.80601],[-122.43235,37.80601],[-122.43235,37.80598],[-122.43209,37.8052],[-122.43205,37.80512],[-122.43195,37.80462],[-122.43187,37.80425],[-122.43179,37.80381],[-122.43168,37.80327],[-122.43005,37.80352],[-122.4284,37.80373],[-122.42769,37.80382],[-122.42676,37.80394],[-122.42565,37.80408],[-122.42521,37.80413],[-122.42519,37.80403],[-122.42504,37.80329],[-122.42502,37.80319],[-122.42657,37.803],[-122.42638,37.80207],[-122.42507,37.80224],[-122.42484,37.80227],[-122.42482,37.80218],[-122.42467,37.80143],[-122.42461,37.8013],[-122.42471,37.80125],[-122.42617,37.80107],[-122.42611,37.80074],[-122.426,37.80021],[-122.42446,37.8004],[-122.42444,37.80031],[-122.42429,37.79957],[-122.42428,37.79947],[-122.42425,37.79938],[-122.4241,37.79863],[-122.42408,37.79854],[-122.42407,37.79845],[-122.42391,37.7977],[-122.42389,37.7976],[-122.42388,37.79751],[-122.42381,37.79716],[-122.42373,37.79677],[-122.42371,37.79668],[-122.42448,37.79658],[-122.42525,37.79648],[-122.42689,37.79627],[-122.42751,37.79619],[-122.42792,37.79614],[-122.42854,37.79606],[-122.4286,37.79605],[-122.42957,37.79593],[-122.43018,37.79585],[-122.43183,37.79564],[-122.43347,37.79544],[-122.43337,37.79497],[-122.43327,37.79447],[-122.43492,37.79427],[-122.43511,37.79523],[-122.43676,37.79502],[-122.43664,37.7944],[-122.43657,37.79406],[-122.43821,37.79385],[-122.43985,37.79365],[-122.44068,37.79354],[-122.44087,37.79449],[-122.44171,37.79439],[-122.44158,37.79372],[-122.44152,37.79344],[-122.44319,37.79322],[-122.44484,37.79301],[-122.44645,37.79281],[-122.4463,37.79188],[-122.44768,37.7917],[-122.44793,37.79286],[-122.44794,37.7929],[-122.44802,37.79312],[-122.44846,37.79392],[-122.44853,37.79408],[-122.44853,37.79429],[-122.44853,37.79456],[-122.4486,37.79472],[-122.44871,37.79483],[-122.44883,37.79491],[-122.44905,37.79501],[-122.44896,37.79505],[-122.44887,37.79511],[-122.4488,37.79515],[-122.44868,37.79528],[-122.44857,37.79552],[-122.44841,37.7955],[-122.44836,37.79549],[-122.44791,37.79542],[-122.44771,37.7954],[-122.4476,37.79542],[-122.4475,37.79546],[-122.44744,37.79551],[-122.44739,37.7956],[-122.44739,37.79569],[-122.44744,37.79578],[-122.44749,37.79583],[-122.44762,37.79588],[-122.44786,37.79593],[-122.44812,37.79599],[-122.44833,37.79606],[-122.44898,37.79638],[-122.44877,37.79637],[-122.44842,37.79635],[-122.44826,37.79635],[-122.44811,37.79639],[-122.44802,37.79645],[-122.44795,37.79655],[-122.44793,37.79662],[-122.44794,37.79671],[-122.44796,37.79686],[-122.44812,37.79687],[-122.44833,37.79688],[-122.44854,37.79694],[-122.44866,37.797],[-122.4487,37.79709],[-122.44873,37.79718],[-122.44873,37.79724],[-122.44871,37.79735],[-122.44866,37.79749],[-122.44862,37.79753],[-122.44857,37.79754],[-122.44827,37.79748],[-122.44803,37.79743],[-122.44806,37.79762],[-122.44814,37.79775],[-122.44827,37.79789],[-122.44806,37.79821],[-122.4479,37.79834],[-122.44774,37.7984],[-122.44758,37.79844],[-122.4473,37.79846],[-122.44734,37.79855],[-122.44747,37.79939],[-122.44761,37.80032],[-122.44766,37.80068],[-122.44921,37.80176],[-122.44946,37.80197],[-122.45006,37.80247],[-122.44997,37.80262],[-122.45017,37.8028],[-122.45048,37.80301],[-122.45075,37.80317],[-122.451,37.80328],[-122.45123,37.80335],[-122.45128,37.80336],[-122.4515,37.8034]]],[[[-122.45254,37.80326],[-122.45228,37.8033],[-122.45201,37.80331],[-122.4518,37.80329],[-122.45167,37.80327],[-122.45158,37.80326],[-122.45149,37.80324],[-122.45136,37.80322],[-122.45112,37.80316],[-122.45095,37.8031],[-122.45072,37.80298],[-122.45051,37.80286],[-122.45032,37.80272],[-122.45006,37.80247],[-122.45145,37.80292],[-122.45181,37.803],[-122.45196,37.80303],[-122.45249,37.80313],[-122.45254,37.80326]]]]},"properties":{"zipCode":"94123"}},{"type":"Feature","geometry":{"type":"Polygon","coordinates":[[[-122.42108,37.81289],[-122.42018,37.81293],[-122.40748,37.81273],[-122.40578,37.81173],[-122.39848,37.80723],[-122.40059,37.80602],[-122.40179,37.80531],[-122.40227,37.80513],[-122.40316,37.80512],[-122.4035,37.80509],[-122.40349,37.80533],[-122.40432,37.80596],[-122.40453,37.80611],[-122.40549,37.80659],[-122.40566,37.80667],[-122.40578,37.80658],[-122.40592,37.80646],[-122.40536,37.8057],[-122.40517,37.80476],[-122.40595,37.80466],[-122.40579,37.80387],[-122.40573,37.80379],[-122.40568,37.80375],[-122.40563,37.80371],[-122.40557,37.80369],[-122.40543,37.80371],[-122.40531,37.80374],[-122.40499,37.80383],[-122.4048,37.8029],[-122.40352,37.80306],[-122.40316,37.8031],[-122.40297,37.80217],[-122.40288,37.8017],[-122.40279,37.80124],[-122.4026,37.80031],[-122.40242,37.79938],[-122.40223,37.79843],[-122.40219,37.79825],[-122.40204,37.79751],[-122.40191,37.79688],[-122.40246,37.79681],[-122.40355,37.79667],[-122.4035,37.79642],[-122.40441,37.7963],[-122.40484,37.79625],[-122.40514,37.79621],[-122.40586,37.79612],[-122.40623,37.79608],[-122.40635,37.79606],[-122.40665,37.79603],[-122.40708,37.79597],[-122.40732,37.79594],[-122.40743,37.79593],[-122.40756,37.79591],[-122.4078,37.79588],[-122.40825,37.79582],[-122.40871,37.79577],[-122.40874,37.79576],[-122.40908,37.79572],[-122.40934,37.79569],[-122.40955,37.79566],[-122.4099,37.79562],[-122.41108,37.79547],[-122.41154,37.79541],[-122.41189,37.79536],[-122.41234,37.79531],[-122.41319,37.7952],[-122.41401,37.79509],[-122.4146,37.79502],[-122.41483,37.79499],[-122.41501,37.79588],[-122.41509,37.79632],[-122.41516,37.79665],[-122.41517,37.79668],[-122.41517,37.7967],[-122.41518,37.79674],[-122.41519,37.79681],[-122.41529,37.79729],[-122.41538,37.79775],[-122.41548,37.79821],[-122.41557,37.79868],[-122.41722,37.79847],[-122.41731,37.79894],[-122.41735,37.79913],[-122.41739,37.79932],[-122.41739,37.79941],[-122.41749,37.79991],[-122.41759,37.80034],[-122.4177,37.80084],[-122.4178,37.80127],[-122.41788,37.80171],[-122.41797,37.8022],[-122.41802,37.80222],[-122.41806,37.80222],[-122.41822,37.8021],[-122.41824,37.80211],[-122.41834,37.80221],[-122.41837,37.80221],[-122.41841,37.8022],[-122.4185,37.80207],[-122.41852,37.80206],[-122.41855,37.80206],[-122.41857,37.80207],[-122.41866,37.80216],[-122.41869,37.80217],[-122.41872,37.80216],[-122.41875,37.80215],[-122.41882,37.80205],[-122.41884,37.80203],[-122.41888,37.80202],[-122.4189,37.80203],[-122.41897,37.8021],[-122.419,37.80212],[-122.41904,37.80213],[-122.41907,37.80211],[-122.41915,37.80199],[-122.41919,37.80198],[-122.41922,37.80198],[-122.4193,37.80208],[-122.41936,37.80209],[-122.41939,37.80207],[-122.41948,37.80199],[-122.4195,37.80197],[-122.41961,37.802],[-122.4198,37.80293],[-122.41905,37.80302],[-122.41815,37.80313],[-122.41826,37.80365],[-122.41822,37.80369],[-122.41828,37.80402],[-122.41834,37.80407],[-122.41845,37.80458],[-122.41853,37.805],[-122.41872,37.80593],[-122.41878,37.80624],[-122.41891,37.80686],[-122.41958,37.80678],[-122.42056,37.80666],[-122.42074,37.80759],[-122.41909,37.8078],[-122.41921,37.80839],[-122.41922,37.80845],[-122.41969,37.80868],[-122.42002,37.80884],[-122.42081,37.81185],[-122.42081,37.81188],[-122.42108,37.81289]]]},"properties":{"zipCode":"94133"}},{"type":"Feature","geometry":{"type":"Polygon","coordinates":[[[-122.42993,37.71157],[-122.42959,37.7115],[-122.42928,37.71141],[-122.4282,37.71093],[-122.4275,37.71062],[-122.42667,37.71017],[-122.42644,37.7106],[-122.4264,37.71061],[-122.42623,37.71093],[-122.42649,37.71102],[-122.42662,37.71107],[-122.42678,37.71113],[-122.4268,37.71114],[-122.42702,37.71122],[-122.42717,37.71129],[-122.42713,37.71139],[-122.42696,37.71131],[-122.42674,37.71123],[-122.42659,37.71161],[-122.42652,37.71181],[-122.42555,37.71452],[-122.42731,37.71507],[-122.42719,37.71575],[-122.42685,37.71665],[-122.4267,37.71705],[-122.42667,37.71708],[-122.42639,37.71856],[-122.42598,37.71911],[-122.42583,37.7193],[-122.42548,37.72023],[-122.42456,37.72165],[-122.42485,37.72205],[-122.42477,37.72217],[-122.42381,37.72369],[-122.42283,37.72394],[-122.42333,37.72514],[-122.42354,37.72566],[-122.42414,37.72594],[-122.42384,37.72634],[-122.42312,37.72728],[-122.42334,37.72779],[-122.42351,37.72821],[-122.42374,37.72876],[-122.42267,37.72882],[-122.42187,37.72886],[-122.4216,37.72888],[-122.42103,37.7289],[-122.42053,37.72893],[-122.42057,37.72901],[-122.42042,37.72928],[-122.42058,37.7293],[-122.42056,37.72939],[-122.42047,37.72946],[-122.42037,37.72962],[-122.42022,37.73051],[-122.42019,37.73097],[-122.42019,37.73146],[-122.42095,37.73131],[-122.42175,37.73109],[-122.42173,37.73135],[-122.42173,37.73144],[-122.42172,37.73161],[-122.4217,37.73181],[-122.42128,37.73187],[-122.42113,37.73189],[-122.42036,37.73201],[-122.41946,37.73206],[-122.41924,37.73206],[-122.41846,37.73206],[-122.41739,37.73205],[-122.41666,37.73201],[-122.41594,37.73207],[-122.41546,37.73216],[-122.41512,37.73223],[-122.41439,37.73242],[-122.41349,37.73286],[-122.41208,37.73357],[-122.41127,37.73399],[-122.40995,37.73472],[-122.4098,37.73483],[-122.40951,37.73504],[-122.40914,37.73537],[-122.40909,37.73545],[-122.40899,37.73557],[-122.40892,37.73565],[-122.40884,37.73575],[-122.40881,37.73577],[-122.40878,37.73582],[-122.40866,37.736],[-122.40858,37.73613],[-122.40849,37.73629],[-122.40847,37.73634],[-122.40836,37.73662],[-122.40834,37.73668],[-122.40825,37.73706],[-122.40823,37.73718],[-122.40821,37.7374],[-122.40822,37.73758],[-122.40822,37.73761],[-122.40813,37.73766],[-122.40799,37.73771],[-122.40785,37.73776],[-122.40779,37.73778],[-122.40769,37.73781],[-122.40766,37.73781],[-122.40755,37.73784],[-122.40701,37.738],[-122.40693,37.73802],[-122.40685,37.73805],[-122.40684,37.73793],[-122.40699,37.73789],[-122.40691,37.73746],[-122.40678,37.73664],[-122.40676,37.73641],[-122.4067,37.73631],[-122.40669,37.73616],[-122.40665,37.73602],[-122.40662,37.7359],[-122.40655,37.73572],[-122.40638,37.73542],[-122.4063,37.73531],[-122.40618,37.73516],[-122.4055,37.73429],[-122.4051,37.73372],[-122.40506,37.73365],[-122.40466,37.73295],[-122.40396,37.73161],[-122.4034,37.73066],[-122.40302,37.7299],[-122.40275,37.72936],[-122.40221,37.7281],[-122.40223,37.72808],[-122.40211,37.72779],[-122.40188,37.72697],[-122.40182,37.72677],[-122.40147,37.72552],[-122.40118,37.72459],[-122.40079,37.72362],[-122.40038,37.72263],[-122.39993,37.72152],[-122.39974,37.72101],[-122.39968,37.72086],[-122.39946,37.72033],[-122.39938,37.72001],[-122.39939,37.71988],[-122.39913,37.71973],[-122.39909,37.71957],[-122.39897,37.71903],[-122.3989,37.71881],[-122.39886,37.71868],[-122.39881,37.71851],[-122.39866,37.71815],[-122.39855,37.71786],[-122.39852,37.71766],[-122.39841,37.71705],[-122.39837,37.71641],[-122.39833,37.71626],[-122.39826,37.71599],[-122.39802,37.71549],[-122.3982,37.71549],[-122.39823,37.71549],[-122.39842,37.71546],[-122.39827,37.71515],[-122.39776,37.71455],[-122.39688,37.71346],[-122.3968,37.71335],[-122.39663,37.71311],[-122.39651,37.71293],[-122.39639,37.71272],[-122.3962,37.7124],[-122.39607,37.71209],[-122.39596,37.71184],[-122.39581,37.71138],[-122.3957,37.71091],[-122.39544,37.71094],[-122.39479,37.71103],[-122.39469,37.71108],[-122.39433,37.71125],[-122.39399,37.71127],[-122.39349,37.71126],[-122.39303,37.71125],[-122.39266,37.71123],[-122.39266,37.71131],[-122.39261,37.71132],[-122.39257,37.71131],[-122.39258,37.71123],[-122.39244,37.71122],[-122.39198,37.71119],[-122.39106,37.71116],[-122.39084,37.71117],[-122.39089,37.71036],[-122.39133,37.71014],[-122.39269,37.7091],[-122.39301,37.70874],[-122.39343,37.7084],[-122.39364,37.70824],[-122.39424,37.70828],[-122.3946,37.7083],[-122.39483,37.70832],[-122.39497,37.70833],[-122.39511,37.70834],[-122.39528,37.70834],[-122.39578,37.70833],[-122.39618,37.70833],[-122.40028,37.70833],[-122.40098,37.70833],[-122.40131,37.70833],[-122.40133,37.70833],[-122.40148,37.70833],[-122.40159,37.70831],[-122.40177,37.70827],[-122.40198,37.70823],[-122.40238,37.70833],[-122.40268,37.70833],[-122.40298,37.70833],[-122.40328,37.70833],[-122.40468,37.70833],[-122.40523,37.70827],[-122.40528,37.70826],[-122.40529,37.70826],[-122.40537,37.70826],[-122.40545,37.70825],[-122.40549,37.70824],[-122.40558,37.70823],[-122.40648,37.70832],[-122.40718,37.70823],[-122.40728,37.70823],[-122.40737,37.70823],[-122.40887,37.70826],[-122.41037,37.70828],[-122.41144,37.70829],[-122.41238,37.7083],[-122.41252,37.7083],[-122.4129,37.70831],[-122.41328,37.70832],[-122.41338,37.70831],[-122.41348,37.7083],[-122.41374,37.70827],[-122.414,37.70825],[-122.41418,37.70823],[-122.41432,37.70823],[-122.41448,37.70823],[-122.41518,37.70823],[-122.41527,37.70824],[-122.41622,37.70833],[-122.41708,37.70833],[-122.41721,37.70833],[-122.41817,37.70833],[-122.4182,37.70833],[-122.41869,37.70828],[-122.41913,37.70824],[-122.41918,37.70823],[-122.4198,37.70823],[-122.42008,37.70823],[-122.42238,37.70823],[-122.42378,37.70823],[-122.42389,37.70824],[-122.42529,37.7083],[-122.42562,37.70832],[-122.42599,37.70833],[-122.42609,37.70834],[-122.42619,37.70834],[-122.42627,37.70835],[-122.42637,37.70835],[-122.42693,37.70838],[-122.42711,37.70839],[-122.42716,37.70839],[-122.42792,37.70842],[-122.42808,37.70843],[-122.42829,37.70841],[-122.42815,37.70866],[-122.42816,37.70893],[-122.42821,37.70902],[-122.4283,37.7092],[-122.42849,37.70932],[-122.4288,37.7094],[-122.42927,37.70962],[-122.43015,37.71087],[-122.42993,37.71157]]]},"properties":{"zipCode":"94134"}},{"type":"Feature","geometry":{"type":"Polygon","coordinates":[[[-122.40058,37.77131],[-122.4003,37.77154],[-122.39908,37.7725],[-122.39881,37.77271],[-122.39877,37.77275],[-122.39868,37.77282],[-122.39863,37.77285],[-122.39859,37.77289],[-122.39811,37.77252],[-122.39806,37.77248],[-122.39791,37.77236],[-122.39787,37.77232],[-122.39788,37.77252],[-122.39784,37.77273],[-122.39772,37.77301],[-122.39742,37.77344],[-122.39717,37.77369],[-122.39669,37.7741],[-122.39619,37.77452],[-122.39626,37.77458],[-122.39638,37.77467],[-122.39416,37.77643],[-122.39394,37.77626],[-122.39336,37.77579],[-122.3927,37.77529],[-122.39253,37.77516],[-122.39044,37.77668],[-122.39022,37.77672],[-122.39039,37.77696],[-122.39011,37.77681],[-122.39035,37.77709],[-122.39041,37.77714],[-122.39009,37.77727],[-122.38762,37.77821],[-122.38769,37.77834],[-122.38751,37.77834],[-122.38751,37.77832],[-122.38544,37.77843],[-122.38537,37.77844],[-122.38533,37.77841],[-122.38529,37.77845],[-122.38534,37.77848],[-122.38734,37.77836],[-122.38736,37.77856],[-122.38735,37.77859],[-122.38729,37.77859],[-122.38727,37.77852],[-122.38725,37.77852],[-122.38725,37.77859],[-122.38719,37.7786],[-122.38717,37.77853],[-122.38715,37.77853],[-122.38715,37.7786],[-122.38709,37.7786],[-122.38708,37.77852],[-122.38706,37.77852],[-122.38706,37.7786],[-122.38699,37.77861],[-122.38698,37.77853],[-122.38696,37.77853],[-122.38696,37.77861],[-122.3869,37.77861],[-122.38689,37.77853],[-122.38686,37.77853],[-122.38686,37.77861],[-122.3868,37.77862],[-122.38679,37.77854],[-122.38676,37.77854],[-122.38676,37.77862],[-122.38671,37.77862],[-122.38669,37.77854],[-122.38667,37.77854],[-122.38667,37.77862],[-122.38661,37.77863],[-122.3866,37.77855],[-122.38657,37.77855],[-122.38658,37.77863],[-122.38651,37.77864],[-122.3865,37.77855],[-122.38647,37.77856],[-122.38647,37.77864],[-122.38642,37.77864],[-122.3864,37.77856],[-122.38638,37.77856],[-122.38638,37.77864],[-122.38632,37.77865],[-122.3863,37.77857],[-122.38628,37.77857],[-122.38628,37.77865],[-122.38622,37.77865],[-122.38621,37.77857],[-122.38618,37.77857],[-122.38619,37.77865],[-122.38612,37.77866],[-122.38612,37.77858],[-122.38609,37.77858],[-122.38609,37.77866],[-122.38603,37.77866],[-122.38602,37.77858],[-122.38599,37.77858],[-122.38599,37.77866],[-122.38593,37.77867],[-122.38592,37.77859],[-122.38589,37.77859],[-122.3859,37.77867],[-122.38583,37.77867],[-122.38582,37.77859],[-122.3858,37.77859],[-122.3858,37.77868],[-122.38574,37.77868],[-122.38573,37.7786],[-122.3857,37.7786],[-122.38571,37.77868],[-122.38564,37.77868],[-122.38563,37.77861],[-122.3856,37.77861],[-122.38561,37.77869],[-122.38555,37.77869],[-122.38554,37.77861],[-122.38551,37.77861],[-122.38551,37.77869],[-122.38545,37.7787],[-122.38544,37.77862],[-122.38541,37.77862],[-122.38542,37.7787],[-122.38535,37.7787],[-122.38534,37.77862],[-122.38532,37.77862],[-122.38532,37.7787],[-122.38526,37.77871],[-122.38525,37.77863],[-122.38522,37.77863],[-122.38522,37.77871],[-122.38516,37.77871],[-122.38515,37.77863],[-122.38511,37.77863],[-122.38513,37.77882],[-122.38516,37.77881],[-122.38516,37.77873],[-122.38522,37.77873],[-122.38524,37.77881],[-122.38526,37.77881],[-122.38526,37.77873],[-122.38532,37.77872],[-122.38533,37.7788],[-122.38536,37.7788],[-122.38536,37.77872],[-122.38542,37.77872],[-122.38543,37.7788],[-122.38545,37.7788],[-122.38545,37.77872],[-122.38552,37.77871],[-122.38553,37.77879],[-122.38555,37.77879],[-122.38555,37.77871],[-122.38561,37.77871],[-122.38562,37.77879],[-122.38565,37.77879],[-122.38564,37.7787],[-122.38571,37.7787],[-122.38572,37.77878],[-122.38574,37.77878],[-122.38574,37.7787],[-122.3858,37.7787],[-122.38581,37.77878],[-122.38584,37.77877],[-122.38583,37.77869],[-122.3859,37.77869],[-122.38591,37.77877],[-122.38594,37.77877],[-122.38593,37.77869],[-122.38599,37.77868],[-122.386,37.77877],[-122.38603,37.77876],[-122.38603,37.77868],[-122.38609,37.77868],[-122.3861,37.77876],[-122.38613,37.77876],[-122.38613,37.77868],[-122.38619,37.77867],[-122.3862,37.77875],[-122.38622,37.77875],[-122.38622,37.77867],[-122.38628,37.77867],[-122.38629,37.77875],[-122.38632,37.77875],[-122.38632,37.77866],[-122.38638,37.77866],[-122.38639,37.77874],[-122.38642,37.77874],[-122.38642,37.77866],[-122.38648,37.77866],[-122.38649,37.77874],[-122.38651,37.77874],[-122.38651,37.77865],[-122.38658,37.77865],[-122.38659,37.77873],[-122.38662,37.77873],[-122.38661,37.77865],[-122.38667,37.77864],[-122.38668,37.77873],[-122.38671,37.77873],[-122.38671,37.77864],[-122.38676,37.77864],[-122.38677,37.77872],[-122.3868,37.77872],[-122.3868,37.77864],[-122.38687,37.77863],[-122.38688,37.77871],[-122.3869,37.77871],[-122.3869,37.77863],[-122.38696,37.77863],[-122.38697,37.77871],[-122.387,37.77871],[-122.387,37.77863],[-122.38706,37.77862],[-122.38707,37.7787],[-122.3871,37.7787],[-122.38709,37.77862],[-122.38715,37.77862],[-122.38716,37.77869],[-122.38719,37.77869],[-122.38719,37.77861],[-122.38725,37.77861],[-122.38726,37.77868],[-122.38729,37.77868],[-122.38729,37.77861],[-122.38735,37.77861],[-122.38737,37.77863],[-122.38739,37.77888],[-122.38738,37.77891],[-122.38731,37.77892],[-122.38731,37.77884],[-122.38728,37.77884],[-122.38728,37.77892],[-122.38722,37.77892],[-122.38721,37.77885],[-122.38718,37.77885],[-122.38718,37.77893],[-122.38712,37.77893],[-122.38711,37.77884],[-122.38708,37.77885],[-122.38709,37.77893],[-122.38702,37.77893],[-122.38701,37.77885],[-122.38699,37.77885],[-122.38699,37.77894],[-122.38693,37.77894],[-122.38692,37.77886],[-122.38689,37.77886],[-122.38689,37.77894],[-122.38684,37.77895],[-122.38682,37.77886],[-122.3868,37.77886],[-122.3868,37.77895],[-122.38673,37.77895],[-122.38672,37.77887],[-122.3867,37.77887],[-122.3867,37.77895],[-122.38664,37.77896],[-122.38663,37.77887],[-122.3866,37.77887],[-122.3866,37.77896],[-122.38655,37.77896],[-122.38654,37.77888],[-122.38651,37.77888],[-122.38651,37.77896],[-122.38645,37.77897],[-122.38644,37.77888],[-122.38641,37.77888],[-122.38641,37.77897],[-122.38635,37.77897],[-122.38634,37.77889],[-122.38632,37.77889],[-122.38632,37.77897],[-122.38626,37.77898],[-122.38625,37.7789],[-122.38622,37.7789],[-122.38622,37.77898],[-122.38616,37.77898],[-122.38615,37.7789],[-122.38613,37.7789],[-122.38613,37.77899],[-122.38607,37.77899],[-122.38605,37.77891],[-122.38603,37.77891],[-122.38603,37.77899],[-122.38596,37.77899],[-122.38595,37.77891],[-122.38592,37.77891],[-122.38593,37.779],[-122.38586,37.779],[-122.38585,37.77892],[-122.38583,37.77892],[-122.38583,37.779],[-122.38577,37.77901],[-122.38576,37.77892],[-122.38573,37.77892],[-122.38573,37.77901],[-122.38567,37.77901],[-122.38566,37.77893],[-122.38564,37.77893],[-122.38564,37.77901],[-122.38558,37.77902],[-122.38557,37.77893],[-122.38554,37.77893],[-122.38554,37.77902],[-122.38548,37.77902],[-122.38547,37.77894],[-122.38544,37.77894],[-122.38545,37.77902],[-122.38538,37.77903],[-122.38537,37.77895],[-122.38535,37.77895],[-122.38535,37.77903],[-122.38529,37.77903],[-122.38528,37.77895],[-122.38525,37.77895],[-122.38525,37.77904],[-122.38519,37.77904],[-122.38518,37.77896],[-122.38516,37.77896],[-122.38516,37.77904],[-122.38509,37.77904],[-122.38508,37.77896],[-122.38505,37.77896],[-122.38506,37.77905],[-122.385,37.77905],[-122.38499,37.77897],[-122.38496,37.77897],[-122.38497,37.77905],[-122.38491,37.77906],[-122.3849,37.77897],[-122.38487,37.77897],[-122.38487,37.77906],[-122.3848,37.77906],[-122.38479,37.77898],[-122.38477,37.77898],[-122.38478,37.77916],[-122.38481,37.77916],[-122.38481,37.77908],[-122.38487,37.77908],[-122.38488,37.77915],[-122.38491,37.77915],[-122.38491,37.77907],[-122.38497,37.77907],[-122.38498,37.77915],[-122.385,37.77915],[-122.385,37.77907],[-122.38506,37.77906],[-122.38507,37.77914],[-122.3851,37.77914],[-122.38509,37.77906],[-122.38516,37.77906],[-122.38517,37.77914],[-122.3852,37.77914],[-122.3852,37.77906],[-122.38525,37.77906],[-122.38526,37.77913],[-122.38529,37.77913],[-122.38529,37.77905],[-122.38535,37.77905],[-122.38536,37.77913],[-122.38539,37.77913],[-122.38539,37.77905],[-122.38545,37.77904],[-122.38546,37.77912],[-122.38548,37.77912],[-122.38548,37.77904],[-122.38554,37.77904],[-122.38555,37.77912],[-122.38558,37.77911],[-122.38558,37.77904],[-122.38564,37.77903],[-122.38565,37.77911],[-122.38568,37.77911],[-122.38568,37.77903],[-122.38573,37.77903],[-122.38574,37.77911],[-122.38577,37.7791],[-122.38577,37.77902],[-122.38583,37.77902],[-122.38584,37.7791],[-122.38587,37.7791],[-122.38587,37.77902],[-122.38593,37.77902],[-122.38594,37.77909],[-122.38596,37.77909],[-122.38596,37.77901],[-122.38603,37.77901],[-122.38604,37.77909],[-122.38607,37.77909],[-122.38607,37.77901],[-122.38613,37.779],[-122.38614,37.77908],[-122.38617,37.77908],[-122.38616,37.779],[-122.38622,37.779],[-122.38623,37.77908],[-122.38626,37.77908],[-122.38626,37.779],[-122.38632,37.77899],[-122.38633,37.77907],[-122.38636,37.77907],[-122.38636,37.77899],[-122.38642,37.77899],[-122.38643,37.77907],[-122.38645,37.77906],[-122.38645,37.77899],[-122.38652,37.77898],[-122.38653,37.77906],[-122.38655,37.77906],[-122.38655,37.77898],[-122.3866,37.77898],[-122.38661,37.77906],[-122.38664,37.77906],[-122.38664,37.77897],[-122.3867,37.77897],[-122.38671,37.77905],[-122.38674,37.77905],[-122.38674,37.77897],[-122.3868,37.77897],[-122.38681,37.77904],[-122.38684,37.77904],[-122.38684,37.77896],[-122.3869,37.77896],[-122.38691,37.77904],[-122.38693,37.77904],[-122.38693,37.77896],[-122.38699,37.77895],[-122.387,37.77903],[-122.38703,37.77903],[-122.38703,37.77895],[-122.38709,37.77895],[-122.3871,37.77903],[-122.38713,37.77903],[-122.38712,37.77895],[-122.38719,37.77894],[-122.38719,37.77901],[-122.38722,37.77901],[-122.38722,37.77894],[-122.38728,37.77894],[-122.38729,37.77901],[-122.38732,37.77901],[-122.38732,37.77894],[-122.38738,37.77893],[-122.3874,37.77897],[-122.38742,37.77924],[-122.38742,37.77927],[-122.38734,37.77927],[-122.38733,37.77919],[-122.3873,37.77919],[-122.38731,37.77928],[-122.38723,37.77928],[-122.38722,37.7792],[-122.3872,37.7792],[-122.3872,37.77928],[-122.38713,37.77929],[-122.38712,37.77919],[-122.38709,37.77919],[-122.3871,37.77929],[-122.38703,37.77929],[-122.38702,37.7792],[-122.38699,37.7792],[-122.38699,37.77929],[-122.38693,37.7793],[-122.38692,37.7792],[-122.38689,37.7792],[-122.3869,37.7793],[-122.38683,37.7793],[-122.38682,37.77921],[-122.38679,37.77921],[-122.38679,37.77931],[-122.38673,37.77931],[-122.38672,37.77922],[-122.38669,37.77922],[-122.38669,37.77931],[-122.38662,37.77931],[-122.38661,37.77922],[-122.38659,37.77922],[-122.38659,37.77932],[-122.38652,37.77932],[-122.38651,37.77923],[-122.38648,37.77923],[-122.38649,37.77932],[-122.38642,37.77933],[-122.38641,37.77923],[-122.38638,37.77924],[-122.38638,37.77933],[-122.38632,37.77933],[-122.38631,37.77924],[-122.38628,37.77924],[-122.38628,37.77933],[-122.38621,37.77934],[-122.3862,37.77924],[-122.38617,37.77925],[-122.38618,37.77934],[-122.38611,37.77934],[-122.3861,37.77925],[-122.38607,37.77925],[-122.38608,37.77935],[-122.38601,37.77935],[-122.386,37.77926],[-122.38597,37.77926],[-122.38598,37.77935],[-122.38591,37.77936],[-122.3859,37.77926],[-122.38587,37.77926],[-122.38587,37.77936],[-122.3858,37.77936],[-122.38579,37.77927],[-122.38576,37.77927],[-122.38577,37.77936],[-122.3857,37.77937],[-122.38569,37.77928],[-122.38566,37.77928],[-122.38566,37.77937],[-122.3856,37.77937],[-122.38559,37.77928],[-122.38556,37.77928],[-122.38556,37.77938],[-122.38549,37.77938],[-122.38548,37.77929],[-122.38546,37.77929],[-122.38546,37.77938],[-122.38539,37.77939],[-122.38538,37.77929],[-122.38535,37.77929],[-122.38535,37.77939],[-122.38528,37.77939],[-122.38528,37.7793],[-122.38525,37.7793],[-122.38525,37.77939],[-122.38519,37.7794],[-122.38518,37.7793],[-122.38515,37.77931],[-122.38516,37.7794],[-122.38509,37.7794],[-122.38508,37.77931],[-122.38505,37.77931],[-122.38505,37.7794],[-122.38498,37.77941],[-122.38497,37.77932],[-122.38494,37.77932],[-122.38495,37.77941],[-122.38488,37.77942],[-122.38487,37.77932],[-122.38484,37.77932],[-122.38485,37.77942],[-122.38477,37.77942],[-122.38476,37.77933],[-122.38473,37.77933],[-122.38475,37.77954],[-122.38478,37.77954],[-122.38477,37.77944],[-122.38485,37.77944],[-122.38486,37.77953],[-122.38489,37.77953],[-122.38488,37.77943],[-122.38495,37.77943],[-122.38496,37.77953],[-122.38499,37.77952],[-122.38499,37.77943],[-122.38505,37.77942],[-122.38507,37.77952],[-122.38509,37.77952],[-122.38509,37.77942],[-122.38516,37.77942],[-122.38517,37.77951],[-122.38519,37.77951],[-122.38519,37.77942],[-122.38525,37.77941],[-122.38526,37.77951],[-122.38529,37.77951],[-122.38529,37.77941],[-122.38536,37.77941],[-122.38536,37.7795],[-122.38539,37.7795],[-122.38539,37.7794],[-122.38546,37.7794],[-122.38547,37.77949],[-122.3855,37.77949],[-122.3855,37.7794],[-122.38556,37.7794],[-122.38557,37.77949],[-122.3856,37.77949],[-122.3856,37.77939],[-122.38566,37.77939],[-122.38567,37.77948],[-122.3857,37.77948],[-122.3857,37.77939],[-122.38577,37.77938],[-122.38578,37.77948],[-122.3858,37.77948],[-122.3858,37.77938],[-122.38588,37.77938],[-122.38588,37.77947],[-122.38591,37.77947],[-122.38591,37.77938],[-122.38598,37.77937],[-122.38598,37.77946],[-122.38601,37.77946],[-122.38601,37.77937],[-122.38608,37.77937],[-122.38609,37.77946],[-122.38612,37.77946],[-122.38611,37.77936],[-122.38618,37.77936],[-122.38619,37.77945],[-122.38621,37.77945],[-122.38621,37.77936],[-122.38629,37.77935],[-122.38629,37.77945],[-122.38632,37.77945],[-122.38632,37.77935],[-122.38638,37.77935],[-122.38639,37.77944],[-122.38642,37.77944],[-122.38642,37.77935],[-122.38649,37.77934],[-122.3865,37.77944],[-122.38653,37.77943],[-122.38652,37.77934],[-122.38659,37.77934],[-122.3866,37.77943],[-122.38663,37.77943],[-122.38663,37.77933],[-122.38669,37.77933],[-122.3867,37.77942],[-122.38673,37.77942],[-122.38673,37.77933],[-122.38679,37.77932],[-122.38681,37.77942],[-122.38683,37.77942],[-122.38683,37.77932],[-122.3869,37.77932],[-122.38691,37.77941],[-122.38694,37.77941],[-122.38693,37.77932],[-122.38699,37.77931],[-122.387,37.77941],[-122.38703,37.77941],[-122.38703,37.77931],[-122.3871,37.77931],[-122.38711,37.7794],[-122.38714,37.7794],[-122.38713,37.77931],[-122.3872,37.7793],[-122.38721,37.77938],[-122.38724,37.77938],[-122.38724,37.7793],[-122.38731,37.77929],[-122.38732,37.77938],[-122.38734,37.77938],[-122.38734,37.77929],[-122.38742,37.77929],[-122.38743,37.77933],[-122.38746,37.7796],[-122.38745,37.77963],[-122.38738,37.77964],[-122.38737,37.77955],[-122.38734,37.77955],[-122.38734,37.77964],[-122.38727,37.77964],[-122.38726,37.77956],[-122.38723,37.77956],[-122.38724,37.77965],[-122.38717,37.77965],[-122.38716,37.77956],[-122.38713,37.77957],[-122.38714,37.77965],[-122.38706,37.77966],[-122.38705,37.77956],[-122.38702,37.77956],[-122.38703,37.77966],[-122.38697,37.77966],[-122.38696,37.77957],[-122.38693,37.77957],[-122.38693,37.77966],[-122.38687,37.77967],[-122.38685,37.77957],[-122.38683,37.77957],[-122.38683,37.77967],[-122.38676,37.77967],[-122.38675,37.77958],[-122.38672,37.77958],[-122.38673,37.77968],[-122.38666,37.77968],[-122.38665,37.77958],[-122.38662,37.77959],[-122.38662,37.77968],[-122.38655,37.77969],[-122.38654,37.77959],[-122.38651,37.77959],[-122.38652,37.77969],[-122.38645,37.77969],[-122.38644,37.7796],[-122.38641,37.7796],[-122.38642,37.77969],[-122.38635,37.7797],[-122.38634,37.7796],[-122.38631,37.7796],[-122.38632,37.7797],[-122.38624,37.7797],[-122.38623,37.77961],[-122.3862,37.77961],[-122.38621,37.77971],[-122.38615,37.77971],[-122.38614,37.77962],[-122.38611,37.77962],[-122.38612,37.77971],[-122.38605,37.77971],[-122.38604,37.77962],[-122.38601,37.77962],[-122.38601,37.77972],[-122.38594,37.77972],[-122.38593,37.77963],[-122.3859,37.77963],[-122.38591,37.77972],[-122.38584,37.77973],[-122.38583,37.77963],[-122.3858,37.77963],[-122.38581,37.77973],[-122.38574,37.77973],[-122.38573,37.77964],[-122.3857,37.77964],[-122.38571,37.77973],[-122.38563,37.77974],[-122.38562,37.77964],[-122.38559,37.77964],[-122.3856,37.77974],[-122.38553,37.77975],[-122.38552,37.77965],[-122.38548,37.77965],[-122.38549,37.77975],[-122.38542,37.77975],[-122.38541,37.77966],[-122.38538,37.77966],[-122.38539,37.77975],[-122.38532,37.77976],[-122.38531,37.77966],[-122.38528,37.77967],[-122.38528,37.77976],[-122.38522,37.77976],[-122.38521,37.77967],[-122.38518,37.77967],[-122.38519,37.77976],[-122.38512,37.77977],[-122.38511,37.77967],[-122.38508,37.77968],[-122.38508,37.77977],[-122.38502,37.77977],[-122.38501,37.77968],[-122.38498,37.77968],[-122.38498,37.77978],[-122.38492,37.77978],[-122.3849,37.77969],[-122.38487,37.77969],[-122.38488,37.77978],[-122.38481,37.77979],[-122.3848,37.77969],[-122.38476,37.77969],[-122.38478,37.7799],[-122.38482,37.7799],[-122.38481,37.77981],[-122.38488,37.7798],[-122.3849,37.77989],[-122.38492,37.77989],[-122.38492,37.7798],[-122.38499,37.7798],[-122.385,37.77989],[-122.38503,37.77989],[-122.38502,37.7798],[-122.38509,37.77979],[-122.3851,37.77988],[-122.38513,37.77988],[-122.38512,37.77979],[-122.38519,37.77979],[-122.3852,37.77988],[-122.38523,37.77987],[-122.38523,37.77978],[-122.38529,37.77978],[-122.3853,37.77987],[-122.38533,37.77987],[-122.38532,37.77978],[-122.38539,37.77978],[-122.3854,37.77986],[-122.38543,37.77986],[-122.38542,37.77977],[-122.38549,37.77977],[-122.38551,37.77986],[-122.38554,37.77986],[-122.38553,37.77977],[-122.3856,37.77976],[-122.38561,37.77985],[-122.38564,37.77985],[-122.38564,37.77976],[-122.38571,37.77976],[-122.38572,37.77985],[-122.38575,37.77984],[-122.38574,37.77976],[-122.38581,37.77975],[-122.38582,37.77984],[-122.38585,37.77984],[-122.38584,37.77975],[-122.38591,37.77975],[-122.38592,37.77983],[-122.38595,37.77983],[-122.38595,37.77974],[-122.38601,37.77974],[-122.38603,37.77983],[-122.38606,37.77983],[-122.38605,37.77974],[-122.38612,37.77973],[-122.38613,37.77982],[-122.38616,37.77982],[-122.38615,37.77973],[-122.38621,37.77973],[-122.38623,37.77982],[-122.38625,37.77982],[-122.38625,37.77973],[-122.38632,37.77972],[-122.38633,37.77981],[-122.38636,37.77981],[-122.38635,37.77972],[-122.38642,37.77972],[-122.38643,37.7798],[-122.38646,37.7798],[-122.38645,37.77971],[-122.38652,37.77971],[-122.38653,37.7798],[-122.38656,37.7798],[-122.38656,37.77971],[-122.38663,37.7797],[-122.38664,37.77979],[-122.38667,37.77979],[-122.38666,37.7797],[-122.38673,37.7797],[-122.38674,37.77979],[-122.38677,37.77978],[-122.38677,37.7797],[-122.38683,37.77969],[-122.38685,37.77978],[-122.38687,37.77978],[-122.38687,37.77969],[-122.38694,37.77969],[-122.38695,37.77978],[-122.38698,37.77977],[-122.38697,37.77968],[-122.38703,37.77968],[-122.38705,37.77977],[-122.38707,37.77977],[-122.38707,37.77968],[-122.38714,37.77967],[-122.38715,37.77976],[-122.38718,37.77976],[-122.38717,37.77967],[-122.38724,37.77967],[-122.38725,37.77976],[-122.38728,37.77976],[-122.38728,37.77967],[-122.38735,37.77966],[-122.38736,37.77975],[-122.38739,37.77975],[-122.38738,37.77966],[-122.38745,37.77966],[-122.38747,37.77969],[-122.38749,37.77999],[-122.38749,37.78003],[-122.3874,37.78004],[-122.38739,37.77993],[-122.38736,37.77993],[-122.38737,37.78004],[-122.38729,37.78004],[-122.38728,37.77994],[-122.38725,37.77994],[-122.38726,37.78004],[-122.38717,37.78005],[-122.38716,37.77995],[-122.38712,37.77995],[-122.38713,37.78005],[-122.38704,37.78005],[-122.38703,37.77995],[-122.387,37.77995],[-122.38701,37.78006],[-122.38692,37.78006],[-122.38691,37.77996],[-122.38688,37.77996],[-122.38689,37.78006],[-122.38681,37.78007],[-122.3868,37.77997],[-122.38677,37.77997],[-122.38678,37.78007],[-122.38669,37.78007],[-122.38669,37.77997],[-122.38665,37.77997],[-122.38666,37.78008],[-122.38658,37.78008],[-122.38657,37.77998],[-122.38653,37.77998],[-122.38654,37.78008],[-122.38646,37.78009],[-122.38645,37.77999],[-122.38642,37.77999],[-122.38642,37.78009],[-122.38634,37.78009],[-122.38633,37.77999],[-122.3863,37.77999],[-122.38631,37.78009],[-122.38622,37.7801],[-122.38621,37.78],[-122.38618,37.78],[-122.38619,37.7801],[-122.3861,37.78011],[-122.38609,37.78001],[-122.38606,37.78001],[-122.38607,37.78011],[-122.38598,37.78011],[-122.38597,37.78001],[-122.38594,37.78001],[-122.38595,37.78011],[-122.38586,37.78012],[-122.38585,37.78002],[-122.38582,37.78002],[-122.38582,37.78012],[-122.38574,37.78013],[-122.38573,37.78003],[-122.3857,37.78003],[-122.38571,37.78013],[-122.38563,37.78013],[-122.38562,37.78003],[-122.38558,37.78003],[-122.38559,37.78014],[-122.38551,37.78014],[-122.38551,37.78004],[-122.38547,37.78004],[-122.38548,37.78014],[-122.38539,37.78015],[-122.38538,37.78005],[-122.38535,37.78005],[-122.38536,37.78015],[-122.38527,37.78015],[-122.38526,37.78005],[-122.38523,37.78005],[-122.38523,37.78016],[-122.38515,37.78016],[-122.38514,37.78006],[-122.38511,37.78006],[-122.38511,37.78016],[-122.38504,37.78017],[-122.38503,37.78007],[-122.385,37.78007],[-122.385,37.78017],[-122.38492,37.78017],[-122.38491,37.78007],[-122.38488,37.78007],[-122.38488,37.78017],[-122.3848,37.78018],[-122.3848,37.78008],[-122.38476,37.78008],[-122.38478,37.78031],[-122.38481,37.78031],[-122.38481,37.7802],[-122.38488,37.7802],[-122.3849,37.78031],[-122.38493,37.78031],[-122.38492,37.78019],[-122.385,37.78019],[-122.38501,37.7803],[-122.38505,37.7803],[-122.38504,37.78019],[-122.38512,37.78018],[-122.38513,37.78029],[-122.38516,37.78029],[-122.38515,37.78018],[-122.38524,37.78018],[-122.38525,37.78029],[-122.38528,37.78029],[-122.38527,37.78017],[-122.38536,37.78017],[-122.38537,37.78028],[-122.3854,37.78028],[-122.38539,37.78017],[-122.38548,37.78016],[-122.38549,37.78027],[-122.38552,37.78027],[-122.38551,37.78016],[-122.38559,37.78016],[-122.38561,37.78027],[-122.38564,37.78027],[-122.38563,37.78015],[-122.38571,37.78015],[-122.38572,37.78026],[-122.38575,37.78026],[-122.38574,37.78015],[-122.38583,37.78014],[-122.38583,37.78025],[-122.38587,37.78025],[-122.38586,37.78014],[-122.38595,37.78014],[-122.38596,37.78025],[-122.38599,37.78025],[-122.38598,37.78013],[-122.38607,37.78013],[-122.38608,37.78024],[-122.38611,37.78024],[-122.3861,37.78013],[-122.38619,37.78012],[-122.3862,37.78023],[-122.38623,37.78023],[-122.38623,37.78012],[-122.38631,37.78012],[-122.38632,37.78023],[-122.38635,37.78023],[-122.38634,37.78011],[-122.38642,37.78011],[-122.38644,37.78022],[-122.38647,37.78022],[-122.38646,37.78011],[-122.38654,37.7801],[-122.38655,37.78021],[-122.38659,37.78021],[-122.38658,37.7801],[-122.38666,37.7801],[-122.38667,37.78021],[-122.3867,37.78021],[-122.3867,37.78009],[-122.38678,37.78009],[-122.38679,37.7802],[-122.38682,37.7802],[-122.38681,37.78009],[-122.38689,37.78008],[-122.3869,37.7802],[-122.38693,37.78019],[-122.38692,37.78008],[-122.38701,37.78008],[-122.38702,37.78019],[-122.38705,37.78019],[-122.38704,37.78007],[-122.38713,37.78007],[-122.38715,37.78018],[-122.38718,37.78018],[-122.38717,37.78007],[-122.38726,37.78006],[-122.38727,37.78017],[-122.3873,37.78017],[-122.38729,37.78006],[-122.38737,37.78006],[-122.38738,37.78017],[-122.38741,37.78017],[-122.3874,37.78005],[-122.38749,37.78005],[-122.3875,37.78009],[-122.38753,37.78044],[-122.38753,37.78047],[-122.38744,37.78047],[-122.38743,37.78037],[-122.3874,37.78037],[-122.38741,37.78047],[-122.38733,37.78048],[-122.38732,37.78038],[-122.38729,37.78038],[-122.3873,37.78048],[-122.38721,37.78049],[-122.3872,37.78038],[-122.38717,37.78038],[-122.38717,37.78049],[-122.38708,37.78049],[-122.38707,37.78039],[-122.38704,37.78039],[-122.38705,37.78049],[-122.38696,37.7805],[-122.38695,37.7804],[-122.38692,37.7804],[-122.38693,37.7805],[-122.38685,37.78051],[-122.38684,37.78041],[-122.38681,37.78041],[-122.38682,37.78051],[-122.38674,37.78051],[-122.38672,37.78041],[-122.38669,37.78041],[-122.3867,37.78052],[-122.38662,37.78052],[-122.38661,37.78042],[-122.38658,37.78042],[-122.38658,37.78052],[-122.3865,37.78053],[-122.38649,37.78043],[-122.38646,37.78043],[-122.38646,37.78053],[-122.38638,37.78053],[-122.38637,37.78043],[-122.38634,37.78043],[-122.38635,37.78054],[-122.38627,37.78054],[-122.38625,37.78044],[-122.38622,37.78044],[-122.38623,37.78054],[-122.38614,37.78055],[-122.38613,37.78045],[-122.3861,37.78045],[-122.38611,37.78055],[-122.38602,37.78056],[-122.38601,37.78045],[-122.38598,37.78046],[-122.38599,37.78056],[-122.3859,37.78056],[-122.38589,37.78046],[-122.38586,37.78046],[-122.38587,37.78056],[-122.38578,37.78057],[-122.38577,37.78047],[-122.38574,37.78047],[-122.38575,37.78057],[-122.38567,37.78058],[-122.38566,37.78048],[-122.38563,37.78048],[-122.38563,37.78058],[-122.38555,37.78058],[-122.38554,37.78048],[-122.38551,37.78048],[-122.38552,37.78058],[-122.38543,37.78059],[-122.38542,37.78049],[-122.38539,37.78049],[-122.3854,37.78059],[-122.38531,37.7806],[-122.3853,37.7805],[-122.38527,37.7805],[-122.38528,37.7806],[-122.38519,37.7806],[-122.38518,37.7805],[-122.38515,37.78051],[-122.38516,37.78061],[-122.38508,37.78061],[-122.38507,37.78051],[-122.38504,37.78051],[-122.38504,37.78061],[-122.38496,37.78062],[-122.38495,37.78052],[-122.38492,37.78052],[-122.38492,37.78062],[-122.38485,37.78062],[-122.38483,37.78052],[-122.3848,37.78053],[-122.38482,37.78076],[-122.38485,37.78076],[-122.38485,37.78065],[-122.38493,37.78064],[-122.38494,37.78075],[-122.38497,37.78075],[-122.38496,37.78064],[-122.38505,37.78063],[-122.38506,37.78074],[-122.38509,37.78074],[-122.38508,37.78063],[-122.38516,37.78063],[-122.38517,37.78074],[-122.3852,37.78074],[-122.38519,37.78062],[-122.38528,37.78062],[-122.38529,37.78073],[-122.38532,37.78073],[-122.38531,37.78062],[-122.3854,37.78061],[-122.38541,37.78072],[-122.38544,37.78072],[-122.38543,37.78061],[-122.38552,37.78061],[-122.38554,37.78072],[-122.38556,37.78072],[-122.38556,37.7806],[-122.38563,37.7806],[-122.38565,37.78071],[-122.38568,37.78071],[-122.38567,37.7806],[-122.38575,37.78059],[-122.38576,37.7807],[-122.38579,37.7807],[-122.38579,37.78059],[-122.38587,37.78058],[-122.38588,37.7807],[-122.38591,37.7807],[-122.3859,37.78058],[-122.38599,37.78058],[-122.386,37.78069],[-122.38603,37.78069],[-122.38602,37.78058],[-122.38611,37.78057],[-122.38612,37.78068],[-122.38615,37.78068],[-122.38614,37.78057],[-122.38623,37.78056],[-122.38624,37.78067],[-122.38627,37.78067],[-122.38627,37.78056],[-122.38635,37.78056],[-122.38636,37.78067],[-122.38639,37.78067],[-122.38638,37.78055],[-122.38647,37.78055],[-122.38648,37.78066],[-122.38651,37.78066],[-122.3865,37.78055],[-122.38658,37.78054],[-122.3866,37.78065],[-122.38662,37.78065],[-122.38662,37.78054],[-122.3867,37.78054],[-122.38672,37.78065],[-122.38674,37.78065],[-122.38674,37.78053],[-122.38682,37.78053],[-122.38683,37.78064],[-122.38686,37.78064],[-122.38685,37.78053],[-122.38693,37.78052],[-122.38694,37.78063],[-122.38697,37.78063],[-122.38697,37.78052],[-122.38705,37.78051],[-122.38706,37.78063],[-122.38709,37.78063],[-122.38708,37.78051],[-122.38717,37.78051],[-122.38719,37.78062],[-122.38721,37.78062],[-122.38721,37.78051],[-122.3873,37.7805],[-122.38731,37.78061],[-122.38734,37.78061],[-122.38733,37.7805],[-122.38741,37.78049],[-122.38742,37.7806],[-122.38745,37.7806],[-122.38744,37.78049],[-122.38753,37.78049],[-122.38754,37.78051],[-122.38758,37.78094],[-122.38748,37.78095],[-122.38746,37.78083],[-122.38743,37.78083],[-122.38744,37.78095],[-122.38735,37.78096],[-122.38733,37.78083],[-122.3873,37.78083],[-122.38731,37.78096],[-122.38721,37.78097],[-122.3872,37.78084],[-122.38717,37.78084],[-122.38718,37.78097],[-122.38708,37.78097],[-122.38706,37.78085],[-122.38703,37.78085],[-122.38704,37.78098],[-122.38695,37.78098],[-122.38693,37.78086],[-122.3869,37.78086],[-122.38691,37.78098],[-122.38682,37.78099],[-122.3868,37.78087],[-122.38677,37.78087],[-122.38678,37.78099],[-122.38668,37.781],[-122.38667,37.78087],[-122.38664,37.78087],[-122.38665,37.781],[-122.38655,37.781],[-122.38654,37.78088],[-122.3865,37.78088],[-122.38651,37.78101],[-122.38642,37.78101],[-122.3864,37.78089],[-122.38637,37.78089],[-122.38638,37.78101],[-122.38629,37.78102],[-122.38627,37.78089],[-122.38625,37.7809],[-122.38625,37.78102],[-122.38616,37.78103],[-122.38614,37.7809],[-122.38611,37.7809],[-122.38612,37.78103],[-122.38603,37.78103],[-122.38601,37.78091],[-122.38598,37.78091],[-122.38599,37.78104],[-122.38589,37.78104],[-122.38587,37.78092],[-122.38584,37.78092],[-122.38585,37.78105],[-122.38576,37.78105],[-122.38575,37.78092],[-122.38572,37.78093],[-122.38573,37.78105],[-122.38563,37.78106],[-122.38561,37.78093],[-122.38558,37.78093],[-122.38559,37.78106],[-122.3855,37.78107],[-122.38548,37.78094],[-122.38545,37.78094],[-122.38546,37.78107],[-122.38536,37.78107],[-122.38534,37.78095],[-122.38532,37.78095],[-122.38532,37.78108],[-122.38523,37.78108],[-122.38521,37.78096],[-122.38518,37.78096],[-122.38519,37.78108],[-122.3851,37.78109],[-122.38508,37.78096],[-122.38505,37.78096],[-122.38506,37.78109],[-122.38496,37.7811],[-122.38495,37.78097],[-122.38492,37.78097],[-122.38493,37.7811],[-122.38483,37.7811],[-122.38482,37.78098],[-122.38479,37.78098],[-122.38482,37.78126],[-122.38485,37.78125],[-122.38483,37.78112],[-122.38493,37.78112],[-122.38494,37.78125],[-122.38498,37.78125],[-122.38497,37.78111],[-122.38506,37.78111],[-122.38507,37.78124],[-122.38511,37.78124],[-122.3851,37.78111],[-122.38519,37.7811],[-122.38521,37.78123],[-122.38524,37.78123],[-122.38523,37.7811],[-122.38532,37.78109],[-122.38534,37.78123],[-122.38537,37.78122],[-122.38536,37.78109],[-122.38546,37.78109],[-122.38547,37.78122],[-122.38551,37.78122],[-122.3855,37.78108],[-122.38559,37.78108],[-122.38561,37.78121],[-122.38564,37.78121],[-122.38563,37.78108],[-122.38573,37.78107],[-122.38574,37.7812],[-122.38577,37.7812],[-122.38576,37.78107],[-122.38585,37.78106],[-122.38586,37.78119],[-122.3859,37.78119],[-122.38589,37.78106],[-122.38599,37.78106],[-122.38601,37.78119],[-122.38604,37.78119],[-122.38603,37.78105],[-122.38612,37.78105],[-122.38613,37.78118],[-122.38617,37.78118],[-122.38616,37.78105],[-122.38625,37.78104],[-122.38627,37.78117],[-122.3863,37.78117],[-122.38629,37.78104],[-122.38638,37.78103],[-122.3864,37.78116],[-122.38643,37.78116],[-122.38642,37.78103],[-122.38652,37.78103],[-122.38653,37.78116],[-122.38656,37.78116],[-122.38655,37.78102],[-122.38665,37.78102],[-122.38666,37.78115],[-122.3867,37.78115],[-122.38669,37.78102],[-122.38678,37.78101],[-122.3868,37.78114],[-122.38683,37.78114],[-122.38682,37.78101],[-122.38691,37.781],[-122.38693,37.78113],[-122.38696,37.78113],[-122.38695,37.781],[-122.38704,37.781],[-122.38706,37.78113],[-122.38709,37.78113],[-122.38708,37.78099],[-122.38718,37.78099],[-122.38719,37.78112],[-122.38723,37.78112],[-122.38722,37.78099],[-122.38731,37.78098],[-122.38733,37.78111],[-122.38736,37.78111],[-122.38735,37.78098],[-122.38744,37.78097],[-122.38745,37.7811],[-122.38749,37.7811],[-122.38748,37.78097],[-122.38758,37.78096],[-122.38763,37.78145],[-122.38553,37.78158],[-122.38551,37.78158],[-122.38549,37.78159],[-122.38551,37.78174],[-122.38492,37.78178],[-122.38489,37.78176],[-122.38486,37.7818],[-122.3849,37.78183],[-122.38492,37.78181],[-122.38551,37.78178],[-122.38553,37.78192],[-122.38555,37.78193],[-122.38776,37.7818],[-122.38779,37.78228],[-122.38757,37.78234],[-122.38472,37.78252],[-122.3847,37.78253],[-122.38468,37.78254],[-122.38471,37.78278],[-122.38168,37.78353],[-122.38058,37.77513],[-122.37968,37.76763],[-122.37798,37.75363],[-122.38001,37.75336],[-122.38005,37.75405],[-122.38005,37.75435],[-122.38011,37.75453],[-122.38038,37.75462],[-122.38093,37.75464],[-122.38152,37.75463],[-122.3825,37.7545],[-122.3829,37.75444],[-122.38291,37.75446],[-122.38302,37.75459],[-122.38307,37.75463],[-122.38315,37.75467],[-122.38323,37.75471],[-122.38333,37.75473],[-122.38344,37.75474],[-122.38355,37.75473],[-122.3837,37.7547],[-122.384,37.75462],[-122.38408,37.75466],[-122.3841,37.75491],[-122.38407,37.75495],[-122.38382,37.75494],[-122.38374,37.75495],[-122.38367,37.75497],[-122.38283,37.75504],[-122.38171,37.75516],[-122.38168,37.75516],[-122.3816,37.75514],[-122.38148,37.75509],[-122.3814,37.75507],[-122.38132,37.75507],[-122.38123,37.75509],[-122.38113,37.75513],[-122.38102,37.75515],[-122.3809,37.75516],[-122.38084,37.75518],[-122.38078,37.75522],[-122.38075,37.75526],[-122.38073,37.75533],[-122.38072,37.75541],[-122.38073,37.75549],[-122.38076,37.75555],[-122.38088,37.75565],[-122.38103,37.75574],[-122.38094,37.75575],[-122.38094,37.7558],[-122.381,37.7558],[-122.38102,37.75583],[-122.38119,37.75584],[-122.38122,37.75585],[-122.38124,37.75587],[-122.38126,37.7563],[-122.38128,37.75634],[-122.38131,37.75638],[-122.38135,37.7564],[-122.3814,37.75641],[-122.38141,37.75646],[-122.38137,37.75648],[-122.38134,37.75651],[-122.38132,37.75654],[-122.38136,37.75708],[-122.38132,37.75709],[-122.38132,37.75712],[-122.38145,37.75712],[-122.38145,37.75715],[-122.38147,37.7573],[-122.38141,37.75734],[-122.38143,37.75752],[-122.38148,37.75751],[-122.38147,37.75757],[-122.38144,37.7577],[-122.3814,37.75782],[-122.38134,37.75794],[-122.38132,37.75796],[-122.38344,37.75777],[-122.38451,37.75771],[-122.38473,37.7577],[-122.38491,37.75771],[-122.38508,37.75774],[-122.38519,37.75782],[-122.3853,37.7579],[-122.38549,37.75811],[-122.38635,37.75806],[-122.38659,37.76061],[-122.38757,37.76055],[-122.38769,37.76183],[-122.38774,37.76239],[-122.3878,37.76311],[-122.38792,37.76438],[-122.38862,37.76434],[-122.38868,37.76433],[-122.38873,37.76433],[-122.38891,37.76432],[-122.38985,37.76426],[-122.39082,37.7642],[-122.39178,37.76414],[-122.39249,37.7641],[-122.39261,37.76409],[-122.39271,37.76408],[-122.39275,37.76408],[-122.393,37.76407],[-122.39317,37.76406],[-122.39322,37.76405],[-122.39373,37.76402],[-122.39385,37.76531],[-122.39386,37.76546],[-122.39388,37.76561],[-122.39391,37.76592],[-122.39392,37.76607],[-122.3943,37.76644],[-122.39447,37.76658],[-122.39464,37.76657],[-122.39484,37.76656],[-122.39577,37.76731],[-122.39652,37.76791],[-122.39665,37.76782],[-122.39742,37.76844],[-122.39818,37.76904],[-122.39859,37.76937],[-122.39905,37.76973],[-122.39916,37.76982],[-122.40002,37.77051],[-122.4008,37.77114],[-122.40058,37.77131]]]},"properties":{"zipCode":"94158"}},{"type":"Feature","geometry":{"type":"Polygon","coordinates":[[[-122.40799,37.73921],[-122.40791,37.73962],[-122.4079,37.73967],[-122.40784,37.74015],[-122.40775,37.74058],[-122.40758,37.74103],[-122.40746,37.74141],[-122.40727,37.74174],[-122.40701,37.74216],[-122.40675,37.74251],[-122.40626,37.74307],[-122.40596,37.74345],[-122.40615,37.74354],[-122.40578,37.74399],[-122.40575,37.74403],[-122.40548,37.74443],[-122.40545,37.74449],[-122.40525,37.74445],[-122.40523,37.74448],[-122.40505,37.74488],[-122.40482,37.7454],[-122.40451,37.74653],[-122.40418,37.74751],[-122.40395,37.74826],[-122.40397,37.7483],[-122.4041,37.74842],[-122.40486,37.74897],[-122.40493,37.74902],[-122.405,37.74908],[-122.40509,37.74915],[-122.40503,37.74918],[-122.40489,37.74921],[-122.40481,37.74924],[-122.40481,37.74921],[-122.40478,37.74922],[-122.40431,37.74932],[-122.40378,37.74943],[-122.40359,37.74947],[-122.40357,37.74947],[-122.40326,37.74953],[-122.4032,37.74953],[-122.40306,37.74954],[-122.40286,37.74954],[-122.40206,37.7494],[-122.39729,37.74969],[-122.39627,37.74975],[-122.39531,37.7498],[-122.39535,37.75023],[-122.39529,37.7503],[-122.3953,37.7505],[-122.39535,37.75101],[-122.39534,37.75107],[-122.39528,37.75117],[-122.39526,37.75124],[-122.39522,37.75131],[-122.39417,37.75136],[-122.39409,37.75134],[-122.39352,37.75137],[-122.39347,37.75137],[-122.39318,37.7514],[-122.39318,37.74993],[-122.39239,37.75002],[-122.39236,37.75003],[-122.39223,37.75004],[-122.39193,37.75009],[-122.39176,37.75011],[-122.39171,37.75011],[-122.39142,37.75014],[-122.39043,37.75012],[-122.38948,37.75014],[-122.38851,37.75021],[-122.38772,37.75025],[-122.38751,37.75027],[-122.38657,37.75032],[-122.38668,37.75161],[-122.38681,37.75289],[-122.38585,37.75295],[-122.38488,37.753],[-122.38391,37.75306],[-122.38295,37.75311],[-122.38199,37.75317],[-122.38171,37.75319],[-122.38099,37.75323],[-122.38001,37.75336],[-122.37798,37.75363],[-122.37606,37.75256],[-122.37319,37.74595],[-122.37412,37.74497],[-122.37409,37.74496],[-122.37402,37.74495],[-122.37396,37.74496],[-122.37391,37.74498],[-122.37386,37.74501],[-122.37384,37.74505],[-122.37385,37.74509],[-122.37343,37.74533],[-122.37336,37.74537],[-122.37328,37.7454],[-122.37317,37.74542],[-122.37307,37.74541],[-122.37299,37.7454],[-122.37296,37.74539],[-122.37276,37.74551],[-122.36908,37.74164],[-122.36763,37.74013],[-122.36787,37.73999],[-122.36829,37.73998],[-122.36827,37.73983],[-122.37122,37.73967],[-122.37124,37.73966],[-122.37125,37.73966],[-122.37126,37.73974],[-122.37126,37.73979],[-122.37341,37.73966],[-122.37342,37.73964],[-122.37345,37.73962],[-122.37361,37.73959],[-122.374,37.73953],[-122.37401,37.7395],[-122.374,37.73947],[-122.37396,37.73942],[-122.3739,37.73935],[-122.37381,37.73923],[-122.37375,37.73909],[-122.37369,37.73896],[-122.37363,37.73885],[-122.37355,37.73874],[-122.37343,37.73862],[-122.37331,37.73853],[-122.3732,37.73846],[-122.37307,37.7384],[-122.37292,37.73835],[-122.37277,37.73831],[-122.3726,37.73828],[-122.37244,37.73827],[-122.37234,37.73828],[-122.37142,37.7382],[-122.3712,37.73818],[-122.37098,37.73817],[-122.37076,37.73818],[-122.37059,37.7382],[-122.37054,37.73815],[-122.3704,37.7382],[-122.37016,37.73821],[-122.36984,37.73823],[-122.3696,37.73825],[-122.36948,37.73827],[-122.36934,37.73828],[-122.36921,37.73827],[-122.36915,37.73826],[-122.36907,37.73826],[-122.36899,37.73825],[-122.36874,37.73825],[-122.36841,37.73825],[-122.36808,37.73828],[-122.36752,37.73834],[-122.3675,37.73834],[-122.36746,37.73833],[-122.36742,37.7383],[-122.3674,37.73826],[-122.36739,37.73822],[-122.3674,37.73819],[-122.36748,37.73814],[-122.36755,37.7381],[-122.36765,37.73807],[-122.36792,37.73802],[-122.36815,37.73799],[-122.36839,37.73797],[-122.36845,37.73796],[-122.36849,37.73796],[-122.36862,37.73794],[-122.36875,37.73791],[-122.36886,37.73787],[-122.36895,37.73782],[-122.36898,37.73779],[-122.36902,37.73777],[-122.36907,37.73776],[-122.36911,37.73777],[-122.36928,37.73776],[-122.36948,37.73773],[-122.36965,37.73768],[-122.36981,37.73763],[-122.36987,37.7376],[-122.36994,37.73757],[-122.37,37.73755],[-122.37018,37.73753],[-122.37031,37.73749],[-122.37043,37.73744],[-122.37052,37.7374],[-122.37055,37.73737],[-122.37059,37.73736],[-122.37063,37.73737],[-122.3707,37.73738],[-122.37077,37.73737],[-122.37083,37.73735],[-122.37088,37.73731],[-122.37097,37.73722],[-122.37104,37.73716],[-122.37112,37.73711],[-122.37122,37.73708],[-122.3713,37.73706],[-122.37135,37.73706],[-122.37138,37.73708],[-122.37137,37.73706],[-122.37149,37.73708],[-122.37162,37.73708],[-122.37174,37.73707],[-122.37186,37.73704],[-122.37193,37.73703],[-122.372,37.73704],[-122.37205,37.73708],[-122.3721,37.73712],[-122.37213,37.73716],[-122.37222,37.73715],[-122.37229,37.73713],[-122.3723,37.73711],[-122.3723,37.73709],[-122.37251,37.73706],[-122.37274,37.73705],[-122.37292,37.73704],[-122.37306,37.73705],[-122.3732,37.73707],[-122.37333,37.7371],[-122.37346,37.73714],[-122.37354,37.73718],[-122.37395,37.73751],[-122.37433,37.73779],[-122.37438,37.73781],[-122.37444,37.73782],[-122.37453,37.73782],[-122.37478,37.73794],[-122.375,37.73805],[-122.37514,37.73815],[-122.3753,37.73824],[-122.37543,37.7383],[-122.37561,37.73837],[-122.37579,37.73843],[-122.37598,37.73848],[-122.37608,37.73848],[-122.37618,37.73846],[-122.37627,37.73842],[-122.37635,37.73837],[-122.37642,37.73831],[-122.37646,37.73825],[-122.37602,37.73799],[-122.37587,37.738],[-122.3757,37.738],[-122.37556,37.73799],[-122.37545,37.73796],[-122.37534,37.73792],[-122.37523,37.73787],[-122.37514,37.7378],[-122.37506,37.73772],[-122.375,37.73765],[-122.37495,37.73756],[-122.37492,37.73745],[-122.3749,37.7374],[-122.37488,37.73729],[-122.37488,37.7372],[-122.37491,37.73709],[-122.37494,37.737],[-122.37499,37.73691],[-122.37505,37.73684],[-122.37503,37.7368],[-122.37503,37.73675],[-122.37505,37.7367],[-122.37512,37.73663],[-122.37515,37.73658],[-122.37517,37.7365],[-122.37517,37.73642],[-122.37522,37.7363],[-122.37524,37.73622],[-122.37549,37.73605],[-122.37557,37.736],[-122.37567,37.73588],[-122.37574,37.73583],[-122.37583,37.73582],[-122.3759,37.73584],[-122.37595,37.73584],[-122.37597,37.73582],[-122.37597,37.73577],[-122.37591,37.73565],[-122.37588,37.73563],[-122.37591,37.73556],[-122.3759,37.73553],[-122.37586,37.73552],[-122.37583,37.73549],[-122.37588,37.73547],[-122.37585,37.73545],[-122.3759,37.73542],[-122.37593,37.73539],[-122.37599,37.73524],[-122.376,37.73519],[-122.37592,37.73509],[-122.37587,37.73505],[-122.37583,37.73509],[-122.37578,37.7351],[-122.37573,37.73512],[-122.37563,37.73521],[-122.37557,37.73524],[-122.3755,37.73533],[-122.37546,37.73536],[-122.37537,37.7354],[-122.37532,37.73539],[-122.37525,37.73538],[-122.37517,37.73532],[-122.37513,37.73529],[-122.37508,37.73527],[-122.37504,37.73516],[-122.37504,37.7351],[-122.37506,37.73504],[-122.37501,37.73503],[-122.37497,37.73503],[-122.37491,37.735],[-122.37488,37.73498],[-122.37487,37.73492],[-122.37491,37.73481],[-122.37495,37.73474],[-122.37499,37.7347],[-122.37503,37.73468],[-122.37511,37.73463],[-122.37512,37.73459],[-122.37515,37.73456],[-122.37513,37.73452],[-122.37504,37.73445],[-122.37498,37.73443],[-122.37494,37.73442],[-122.37491,37.73444],[-122.37489,37.73442],[-122.37489,37.7344],[-122.3749,37.73435],[-122.37488,37.73428],[-122.37487,37.73421],[-122.37487,37.73417],[-122.37493,37.73407],[-122.37495,37.73402],[-122.37496,37.73393],[-122.37496,37.73389],[-122.37498,37.73386],[-122.37501,37.73384],[-122.37512,37.73383],[-122.37515,37.73382],[-122.37517,37.7338],[-122.37517,37.73377],[-122.37523,37.73362],[-122.37525,37.7336],[-122.37529,37.73355],[-122.37536,37.73342],[-122.37538,37.73338],[-122.37538,37.73331],[-122.37546,37.73323],[-122.37551,37.7332],[-122.37552,37.73314],[-122.37551,37.73311],[-122.37565,37.73293],[-122.37569,37.7329],[-122.37565,37.7329],[-122.37554,37.73284],[-122.37555,37.73282],[-122.37562,37.73275],[-122.37557,37.73272],[-122.37548,37.73278],[-122.3752,37.73296],[-122.37503,37.7328],[-122.37501,37.73277],[-122.37497,37.73275],[-122.37489,37.7328],[-122.37487,37.73277],[-122.37483,37.73279],[-122.37481,37.73276],[-122.37461,37.73288],[-122.37456,37.73282],[-122.37491,37.73261],[-122.37482,37.73253],[-122.37468,37.73264],[-122.37439,37.73254],[-122.37431,37.73255],[-122.37423,37.73258],[-122.37418,37.73259],[-122.37412,37.73262],[-122.37411,37.73266],[-122.374,37.73267],[-122.37391,37.73271],[-122.37389,37.73274],[-122.37388,37.73277],[-122.3738,37.73277],[-122.37376,37.7328],[-122.37375,37.73286],[-122.37373,37.73288],[-122.37369,37.7329],[-122.37364,37.73289],[-122.37357,37.73291],[-122.37351,37.73295],[-122.3735,37.73298],[-122.3735,37.73307],[-122.37348,37.73309],[-122.37344,37.73311],[-122.37341,37.7331],[-122.37337,37.73315],[-122.37333,37.73319],[-122.37329,37.7332],[-122.37326,37.73322],[-122.37322,37.73326],[-122.37318,37.73331],[-122.37313,37.73334],[-122.37306,37.73339],[-122.37303,37.73342],[-122.37299,37.73344],[-122.37284,37.73362],[-122.37279,37.73368],[-122.37266,37.73379],[-122.37257,37.7339],[-122.37255,37.73395],[-122.37252,37.734],[-122.37247,37.73402],[-122.37239,37.73405],[-122.37234,37.73407],[-122.37226,37.73416],[-122.37223,37.7342],[-122.37214,37.73422],[-122.37207,37.73422],[-122.37202,37.73421],[-122.37198,37.7342],[-122.37191,37.73421],[-122.37189,37.73419],[-122.37185,37.73417],[-122.37178,37.73412],[-122.37176,37.7341],[-122.37159,37.73401],[-122.37145,37.73387],[-122.37141,37.73382],[-122.37137,37.73379],[-122.37135,37.73376],[-122.37131,37.7337],[-122.37125,37.73366],[-122.37118,37.73363],[-122.37114,37.7336],[-122.37112,37.73357],[-122.37107,37.73354],[-122.37104,37.73351],[-122.37101,37.73346],[-122.37095,37.73339],[-122.37091,37.73335],[-122.37086,37.73326],[-122.37081,37.73324],[-122.37076,37.73325],[-122.37074,37.73324],[-122.37074,37.73321],[-122.37073,37.73317],[-122.37071,37.73311],[-122.3706,37.73304],[-122.37051,37.73301],[-122.37045,37.73295],[-122.37023,37.73287],[-122.37008,37.73279],[-122.36999,37.73271],[-122.36993,37.73267],[-122.36989,37.73264],[-122.36985,37.73261],[-122.36995,37.73248],[-122.36975,37.73237],[-122.36963,37.7325],[-122.36919,37.73299],[-122.36862,37.73362],[-122.36806,37.73424],[-122.36703,37.73539],[-122.36739,37.73537],[-122.36716,37.73563],[-122.36672,37.7354],[-122.36696,37.73494],[-122.36751,37.73441],[-122.36799,37.73376],[-122.36953,37.7324],[-122.36952,37.73237],[-122.36953,37.73225],[-122.36952,37.7322],[-122.36946,37.73216],[-122.36931,37.73206],[-122.36921,37.73199],[-122.36915,37.732],[-122.36908,37.73199],[-122.369,37.73195],[-122.36893,37.73194],[-122.36885,37.73193],[-122.36876,37.73194],[-122.36869,37.73196],[-122.36866,37.732],[-122.36863,37.73205],[-122.36863,37.73211],[-122.36864,37.73218],[-122.36864,37.73222],[-122.36861,37.73225],[-122.36857,37.73228],[-122.36852,37.73228],[-122.36839,37.73229],[-122.36826,37.73228],[-122.36814,37.73226],[-122.36797,37.73215],[-122.36783,37.73207],[-122.36777,37.73202],[-122.36769,37.73198],[-122.36761,37.73196],[-122.36752,37.73194],[-122.36743,37.73195],[-122.36734,37.73197],[-122.36728,37.732],[-122.36721,37.73206],[-122.36711,37.73213],[-122.36709,37.73214],[-122.36703,37.73216],[-122.36698,37.73218],[-122.36691,37.73223],[-122.36689,37.73227],[-122.36686,37.73229],[-122.36682,37.7323],[-122.36678,37.7323],[-122.36675,37.73229],[-122.36668,37.73221],[-122.36584,37.73314],[-122.36586,37.7332],[-122.36532,37.7338],[-122.36529,37.7338],[-122.36525,37.7338],[-122.36522,37.73378],[-122.3652,37.73376],[-122.36519,37.73373],[-122.36576,37.73308],[-122.36654,37.73218],[-122.36646,37.73214],[-122.36631,37.73229],[-122.36623,37.73224],[-122.36561,37.73294],[-122.36556,37.73299],[-122.36545,37.73306],[-122.36533,37.733],[-122.36535,37.73289],[-122.36543,37.7328],[-122.36618,37.73199],[-122.36615,37.73198],[-122.36619,37.73192],[-122.366,37.73183],[-122.36526,37.73265],[-122.36516,37.73277],[-122.36501,37.73283],[-122.36494,37.73276],[-122.36497,37.73266],[-122.3651,37.73251],[-122.36578,37.73177],[-122.36581,37.73172],[-122.36565,37.73163],[-122.36496,37.73239],[-122.36483,37.73254],[-122.36473,37.73249],[-122.36488,37.73232],[-122.36511,37.73207],[-122.36474,37.73186],[-122.3638,37.73134],[-122.3637,37.73128],[-122.36369,37.7313],[-122.36299,37.73207],[-122.36288,37.73214],[-122.36262,37.73201],[-122.3634,37.73111],[-122.36285,37.7308],[-122.36206,37.73167],[-122.36191,37.7316],[-122.36178,37.73154],[-122.36246,37.73076],[-122.36257,37.73064],[-122.36216,37.73043],[-122.36198,37.73033],[-122.36209,37.73021],[-122.36191,37.73009],[-122.36179,37.73007],[-122.36166,37.73006],[-122.36151,37.73007],[-122.36139,37.73009],[-122.36128,37.73009],[-122.36116,37.73007],[-122.36105,37.73004],[-122.36099,37.73001],[-122.36088,37.72991],[-122.36075,37.72996],[-122.3608,37.73],[-122.36082,37.73004],[-122.36084,37.73009],[-122.36083,37.73014],[-122.36081,37.73018],[-122.36077,37.73022],[-122.36074,37.73023],[-122.36055,37.73028],[-122.36031,37.73031],[-122.36012,37.73033],[-122.35992,37.73033],[-122.35924,37.73001],[-122.35879,37.72978],[-122.35896,37.72971],[-122.35884,37.72966],[-122.35897,37.72952],[-122.36142,37.72895],[-122.362,37.7288],[-122.36211,37.72875],[-122.36221,37.72868],[-122.36227,37.72863],[-122.36229,37.72859],[-122.36229,37.72854],[-122.36228,37.72852],[-122.36218,37.72848],[-122.36207,37.72845],[-122.36195,37.72844],[-122.36185,37.72845],[-122.36145,37.72852],[-122.35925,37.72905],[-122.35887,37.72917],[-122.35773,37.72944],[-122.35748,37.72925],[-122.35788,37.72895],[-122.36008,37.72844],[-122.36018,37.7284],[-122.36027,37.72835],[-122.36039,37.72826],[-122.36041,37.72822],[-122.3604,37.72819],[-122.36039,37.72816],[-122.36026,37.72814],[-122.36012,37.72814],[-122.35996,37.72815],[-122.35852,37.7285],[-122.35716,37.72883],[-122.35712,37.72866],[-122.35697,37.72871],[-122.35721,37.7279],[-122.35688,37.72793],[-122.35854,37.71585],[-122.35864,37.71582],[-122.36038,37.70833],[-122.37168,37.70833],[-122.37562,37.70837],[-122.37606,37.70836],[-122.3794,37.70841],[-122.37949,37.70841],[-122.38108,37.70843],[-122.38748,37.70833],[-122.38898,37.70833],[-122.39268,37.70833],[-122.39323,37.70828],[-122.39332,37.70827],[-122.39364,37.70824],[-122.39343,37.7084],[-122.39301,37.70874],[-122.39269,37.7091],[-122.39133,37.71014],[-122.39089,37.71036],[-122.39084,37.71117],[-122.39106,37.71116],[-122.39198,37.71119],[-122.39244,37.71122],[-122.39258,37.71123],[-122.39257,37.71131],[-122.39261,37.71132],[-122.39266,37.71131],[-122.39266,37.71123],[-122.39303,37.71125],[-122.39349,37.71126],[-122.39399,37.71127],[-122.39433,37.71125],[-122.39469,37.71108],[-122.39479,37.71103],[-122.39544,37.71094],[-122.3957,37.71091],[-122.39581,37.71138],[-122.39596,37.71184],[-122.39607,37.71209],[-122.3962,37.7124],[-122.39639,37.71272],[-122.39651,37.71293],[-122.39663,37.71311],[-122.3968,37.71335],[-122.39688,37.71346],[-122.39776,37.71455],[-122.39827,37.71515],[-122.39842,37.71546],[-122.39823,37.71549],[-122.3982,37.71549],[-122.39802,37.71549],[-122.39826,37.71599],[-122.39833,37.71626],[-122.39837,37.71641],[-122.39841,37.71705],[-122.39852,37.71766],[-122.39855,37.71786],[-122.39866,37.71815],[-122.39881,37.71851],[-122.39886,37.71868],[-122.3989,37.71881],[-122.39897,37.71903],[-122.39909,37.71957],[-122.39913,37.71973],[-122.39939,37.71988],[-122.39938,37.72001],[-122.39946,37.72033],[-122.39968,37.72086],[-122.39974,37.72101],[-122.39993,37.72152],[-122.40038,37.72263],[-122.40079,37.72362],[-122.40118,37.72459],[-122.40147,37.72552],[-122.40182,37.72677],[-122.40188,37.72697],[-122.40211,37.72779],[-122.40223,37.72808],[-122.40221,37.7281],[-122.40275,37.72936],[-122.40302,37.7299],[-122.4034,37.73066],[-122.40396,37.73161],[-122.40466,37.73295],[-122.40506,37.73365],[-122.4051,37.73372],[-122.4055,37.73429],[-122.40618,37.73516],[-122.4063,37.73531],[-122.40638,37.73542],[-122.40655,37.73572],[-122.40662,37.7359],[-122.40665,37.73602],[-122.40669,37.73616],[-122.4067,37.73631],[-122.40676,37.73641],[-122.40678,37.73664],[-122.40691,37.73746],[-122.40699,37.73789],[-122.40684,37.73793],[-122.40685,37.73805],[-122.40693,37.73802],[-122.40701,37.738],[-122.40755,37.73784],[-122.40766,37.73781],[-122.40769,37.73781],[-122.40779,37.73778],[-122.40785,37.73776],[-122.40789,37.73794],[-122.4079,37.738],[-122.40797,37.73862],[-122.40799,37.73921]]]},"properties":{"zipCode":"94124"}},{"type":"Feature","geometry":{"type":"Polygon","coordinates":[[[-122.34668,37.81103],[-122.34412,37.81089],[-122.33646,37.81047],[-122.3339,37.81033],[-122.33311,37.81078],[-122.33306,37.81103],[-122.33045,37.81077],[-122.32783,37.81051],[-122.32783,37.8103],[-122.32643,37.81021],[-122.32642,37.81023],[-122.32639,37.81044],[-122.3233,37.81012],[-122.32319,37.81012],[-122.32306,37.81013],[-122.32298,37.81014],[-122.32293,37.81017],[-122.32285,37.81023],[-122.32272,37.81035],[-122.32046,37.81248],[-122.31771,37.81508],[-122.32257,37.81502],[-122.33285,37.81488],[-122.33284,37.81887],[-122.33252,37.81891],[-122.33038,37.81915],[-122.32892,37.81929],[-122.32892,37.82053],[-122.3291,37.82052],[-122.32939,37.82045],[-122.32947,37.82043],[-122.32975,37.82037],[-122.32998,37.82035],[-122.33031,37.8203],[-122.3305,37.82035],[-122.33061,37.8204],[-122.3306,37.82049],[-122.33049,37.82053],[-122.33041,37.82063],[-122.3304,37.82071],[-122.33042,37.82075],[-122.33039,37.8208],[-122.33036,37.82085],[-122.33023,37.82092],[-122.33018,37.82099],[-122.33017,37.82112],[-122.33017,37.82123],[-122.33017,37.82125],[-122.33016,37.82133],[-122.33018,37.82135],[-122.33022,37.82138],[-122.33013,37.82152],[-122.32998,37.8216],[-122.32958,37.82166],[-122.32873,37.82187],[-122.32853,37.82194],[-122.32837,37.82203],[-122.32822,37.82215],[-122.3281,37.82224],[-122.32808,37.82226],[-122.32795,37.82232],[-122.32776,37.82233],[-122.3275,37.82227],[-122.32746,37.82221],[-122.32743,37.82218],[-122.32735,37.82213],[-122.32705,37.82209],[-122.32687,37.82211],[-122.32594,37.82225],[-122.3258,37.82234],[-122.32578,37.82236],[-122.32571,37.82243],[-122.32556,37.82248],[-122.32538,37.82246],[-122.32526,37.82239],[-122.32491,37.8224],[-122.32291,37.82276],[-122.32153,37.82307],[-122.32139,37.82322],[-122.32127,37.82348],[-122.32108,37.82373],[-122.32106,37.82387],[-122.32112,37.82392],[-122.32113,37.82394],[-122.32118,37.82405],[-122.32113,37.82411],[-122.32102,37.82419],[-122.32079,37.82424],[-122.32038,37.82428],[-122.32022,37.82433],[-122.32004,37.82436],[-122.31985,37.82433],[-122.31971,37.82427],[-122.31915,37.82437],[-122.31867,37.82454],[-122.31852,37.82459],[-122.31834,37.82464],[-122.31795,37.82482],[-122.3178,37.82485],[-122.31767,37.82487],[-122.31763,37.82489],[-122.31752,37.8251],[-122.31725,37.8254],[-122.31718,37.8255],[-122.31705,37.82566],[-122.31696,37.82582],[-122.31687,37.82599],[-122.31684,37.82609],[-122.31673,37.82622],[-122.31669,37.82636],[-122.31666,37.82655],[-122.31664,37.82682],[-122.31658,37.82711],[-122.31653,37.82733],[-122.31644,37.8275],[-122.31623,37.82768],[-122.31611,37.82784],[-122.31596,37.82787],[-122.31581,37.82781],[-122.31571,37.82769],[-122.31563,37.82763],[-122.31571,37.82764],[-122.31581,37.82765],[-122.31587,37.82765],[-122.31592,37.82765],[-122.31599,37.82761],[-122.31602,37.82758],[-122.31614,37.82744],[-122.31625,37.82728],[-122.31631,37.82718],[-122.31638,37.82702],[-122.3164,37.82694],[-122.3164,37.82688],[-122.3164,37.82678],[-122.31637,37.8267],[-122.31627,37.8265],[-122.31623,37.8264],[-122.31621,37.82631],[-122.31619,37.82622],[-122.31619,37.82601],[-122.3162,37.82594],[-122.31622,37.82589],[-122.31628,37.82573],[-122.31633,37.82567],[-122.31639,37.82562],[-122.31676,37.82532],[-122.31682,37.82527],[-122.31687,37.8252],[-122.31691,37.82515],[-122.31692,37.82511],[-122.31693,37.82506],[-122.31693,37.82497],[-122.31692,37.82491],[-122.31688,37.82471],[-122.31622,37.82487],[-122.31591,37.82493],[-122.31569,37.82495],[-122.31533,37.82503],[-122.31432,37.82524],[-122.31381,37.82535],[-122.31347,37.8254],[-122.31317,37.82543],[-122.31254,37.82545],[-122.31184,37.82544],[-122.31111,37.82546],[-122.31077,37.82548],[-122.3104,37.82555],[-122.30967,37.82569],[-122.30871,37.82591],[-122.3081,37.82599],[-122.30775,37.82603],[-122.3076,37.82603],[-122.30752,37.82601],[-122.30743,37.82596],[-122.30736,37.82587],[-122.30703,37.82584],[-122.30642,37.82575],[-122.30603,37.82571],[-122.3056,37.8257],[-122.3054,37.8257],[-122.30435,37.8258],[-122.30386,37.82569],[-122.30261,37.82593],[-122.30131,37.82624],[-122.30027,37.82639],[-122.29977,37.82649],[-122.2992,37.82661],[-122.29856,37.82676],[-122.29816,37.82679],[-122.29779,37.82686],[-122.29709,37.82701],[-122.29673,37.82709],[-122.29643,37.82717],[-122.29629,37.82721],[-122.29603,37.8273],[-122.29584,37.82735],[-122.29561,37.82741],[-122.29515,37.8275],[-122.29502,37.82759],[-122.29478,37.82775],[-122.29463,37.82788],[-122.29451,37.82798],[-122.2943,37.82802],[-122.29414,37.82805],[-122.29389,37.82808],[-122.29371,37.82809],[-122.29366,37.82809],[-122.29345,37.82809],[-122.29339,37.82809],[-122.29326,37.82809],[-122.2932,37.82808],[-122.29314,37.82808],[-122.29302,37.82798],[-122.29296,37.82794],[-122.29287,37.82788],[-122.29275,37.8278],[-122.29263,37.82773],[-122.2925,37.82766],[-122.29227,37.82754],[-122.29158,37.82718],[-122.29136,37.82707],[-122.2913,37.82704],[-122.29115,37.82696],[-122.2911,37.82693],[-122.29104,37.8269],[-122.29082,37.82679],[-122.29073,37.82663],[-122.29065,37.82639],[-122.2906,37.82621],[-122.29056,37.82605],[-122.29053,37.82584],[-122.29053,37.82558],[-122.29056,37.8253],[-122.29061,37.82504],[-122.29068,37.82485],[-122.29069,37.82458],[-122.29101,37.82374],[-122.29127,37.82317],[-122.29138,37.82312],[-122.29149,37.82307],[-122.29144,37.823],[-122.2912,37.82263],[-122.29102,37.82266],[-122.29046,37.82276],[-122.29028,37.82279],[-122.29005,37.82284],[-122.28938,37.82297],[-122.28915,37.82302],[-122.28917,37.82277],[-122.28923,37.82202],[-122.28925,37.82178],[-122.28919,37.82179],[-122.28911,37.82181],[-122.28904,37.8218],[-122.28888,37.82177],[-122.28864,37.82172],[-122.28862,37.82171],[-122.28833,37.82164],[-122.28804,37.82158],[-122.28793,37.82155],[-122.2877,37.8215],[-122.28739,37.82143],[-122.28623,37.82116],[-122.28617,37.82115],[-122.28612,37.82114],[-122.28549,37.82099],[-122.28538,37.82097],[-122.28529,37.82096],[-122.28497,37.8209],[-122.28468,37.82083],[-122.28448,37.82078],[-122.28426,37.82072],[-122.2836,37.82057],[-122.28338,37.82052],[-122.28318,37.82047],[-122.28256,37.82033],[-122.28235,37.82028],[-122.28231,37.82028],[-122.28226,37.82027],[-122.28212,37.82023],[-122.28144,37.82008],[-122.28121,37.82003],[-122.281,37.81998],[-122.28036,37.81984],[-122.28014,37.8198],[-122.27994,37.81975],[-122.27932,37.8196],[-122.27911,37.81955],[-122.2789,37.81951],[-122.27829,37.81937],[-122.27808,37.81932],[-122.27788,37.81927],[-122.27727,37.81913],[-122.27706,37.81908],[-122.27698,37.81906],[-122.27686,37.81904],[-122.27626,37.81891],[-122.27605,37.81887],[-122.27593,37.81848],[-122.27581,37.81851],[-122.27562,37.81793],[-122.27557,37.81776],[-122.27568,37.81777],[-122.27563,37.81763],[-122.27553,37.81763],[-122.2743,37.81743],[-122.2743,37.81741],[-122.27442,37.81694],[-122.27447,37.81679],[-122.27466,37.81682],[-122.27523,37.81691],[-122.2753,37.81692],[-122.27542,37.81692],[-122.27526,37.81645],[-122.27525,37.81639],[-122.27517,37.81615],[-122.27514,37.81606],[-122.27506,37.8158],[-122.27504,37.81572],[-122.275,37.8156],[-122.2749,37.81525],[-122.27486,37.81513],[-122.2749,37.81508],[-122.27501,37.81492],[-122.27505,37.81486],[-122.27519,37.81464],[-122.27559,37.81396],[-122.27573,37.81374],[-122.27576,37.81368],[-122.27587,37.81352],[-122.27586,37.81347],[-122.27589,37.81342],[-122.27593,37.81336],[-122.27595,37.81334],[-122.27619,37.81294],[-122.27627,37.81281],[-122.27635,37.81268],[-122.2766,37.81229],[-122.27668,37.81217],[-122.27707,37.81154],[-122.2773,37.81117],[-122.27748,37.81088],[-122.27787,37.81024],[-122.27796,37.81011],[-122.27807,37.80994],[-122.2783,37.80958],[-122.27839,37.80943],[-122.27868,37.80896],[-122.27872,37.80889],[-122.27877,37.80882],[-122.27903,37.80841],[-122.27911,37.80827],[-122.2792,37.80814],[-122.27944,37.80775],[-122.27952,37.80762],[-122.27935,37.80755],[-122.27885,37.80735],[-122.27868,37.80728],[-122.27872,37.80721],[-122.27875,37.80717],[-122.27877,37.80714],[-122.27903,37.8067],[-122.27912,37.80656],[-122.27999,37.80688],[-122.28036,37.80624],[-122.27963,37.80591],[-122.27954,37.80587],[-122.27943,37.80583],[-122.27941,37.80582],[-122.27902,37.80566],[-122.27889,37.80561],[-122.27883,37.80558],[-122.27866,37.80552],[-122.2786,37.8055],[-122.27849,37.80545],[-122.27835,37.8054],[-122.27816,37.80533],[-122.27805,37.80529],[-122.27781,37.80519],[-122.2771,37.80491],[-122.27686,37.80482],[-122.27695,37.80468],[-122.27721,37.80427],[-122.27729,37.80413],[-122.27705,37.80404],[-122.27634,37.80376],[-122.2761,37.80367],[-122.27601,37.80381],[-122.27575,37.80422],[-122.27567,37.80436],[-122.27543,37.80427],[-122.27473,37.80398],[-122.2745,37.80389],[-122.27402,37.80371],[-122.27259,37.80315],[-122.27211,37.80297],[-122.27203,37.80294],[-122.27186,37.80287],[-122.27183,37.80286],[-122.27112,37.80257],[-122.27087,37.80247],[-122.27078,37.80261],[-122.27051,37.80302],[-122.27042,37.80316],[-122.27032,37.8033],[-122.27005,37.80373],[-122.27,37.80382],[-122.26884,37.80336],[-122.26889,37.80328],[-122.26915,37.80285],[-122.26924,37.8027],[-122.26901,37.80261],[-122.2683,37.80234],[-122.26807,37.80224],[-122.26816,37.8021],[-122.26842,37.80168],[-122.2685,37.80154],[-122.26827,37.80145],[-122.26755,37.80117],[-122.26731,37.80108],[-122.26708,37.80099],[-122.26637,37.80071],[-122.26614,37.80062],[-122.2659,37.80052],[-122.26519,37.80024],[-122.26495,37.80015],[-122.26471,37.80006],[-122.26399,37.79979],[-122.26375,37.7997],[-122.26352,37.79961],[-122.26284,37.79934],[-122.26261,37.79925],[-122.2624,37.79918],[-122.26231,37.79916],[-122.26225,37.79913],[-122.26217,37.79912],[-122.26191,37.79911],[-122.26167,37.79909],[-122.26155,37.79893],[-122.2614,37.79876],[-122.2612,37.79861],[-122.261,37.79851],[-122.26074,37.7984],[-122.26042,37.79833],[-122.26026,37.79832],[-122.26009,37.79831],[-122.25985,37.79831],[-122.25959,37.7983],[-122.25955,37.7983],[-122.2593,37.79829],[-122.25885,37.7981],[-122.25955,37.79813],[-122.25957,37.79784],[-122.25953,37.7973],[-122.2595,37.79683],[-122.25958,37.79632],[-122.2596,37.79625],[-122.25966,37.79609],[-122.25986,37.79569],[-122.25987,37.79567],[-122.26004,37.79545],[-122.26081,37.79528],[-122.26115,37.7951],[-122.2612,37.79458],[-122.26115,37.79442],[-122.26109,37.79423],[-122.26109,37.79405],[-122.26122,37.79389],[-122.26133,37.79381],[-122.26138,37.79376],[-122.26144,37.79372],[-122.26154,37.79363],[-122.26162,37.79352],[-122.2617,37.79342],[-122.26176,37.79302],[-122.26206,37.79239],[-122.26207,37.79237],[-122.26219,37.79223],[-122.2622,37.79222],[-122.26221,37.7922],[-122.2623,37.7921],[-122.26232,37.79209],[-122.26233,37.79207],[-122.26235,37.79204],[-122.26244,37.79193],[-122.26246,37.79191],[-122.26247,37.79189],[-122.26253,37.79183],[-122.26269,37.79163],[-122.26275,37.79156],[-122.2629,37.79154],[-122.26326,37.79154],[-122.26296,37.79117],[-122.26297,37.7911],[-122.26301,37.79089],[-122.26302,37.79082],[-122.26425,37.7907],[-122.26445,37.79068],[-122.26736,37.78872],[-122.26838,37.78803],[-122.26954,37.78869],[-122.27302,37.79067],[-122.27314,37.79073],[-122.27418,37.79133],[-122.27427,37.79139],[-122.27454,37.79158],[-122.27464,37.79165],[-122.27496,37.7918],[-122.27595,37.79227],[-122.27628,37.79243],[-122.27773,37.79268],[-122.27788,37.79271],[-122.28268,37.79355],[-122.28428,37.79383],[-122.28638,37.79357],[-122.29268,37.79278],[-122.29388,37.79263],[-122.29478,37.79253],[-122.30531,37.79369],[-122.31247,37.79448],[-122.31468,37.79473],[-122.3198,37.79591],[-122.33214,37.79875],[-122.33516,37.79945],[-122.34028,37.80063],[-122.34102,37.80183],[-122.34156,37.80271],[-122.3454,37.80895],[-122.34668,37.81103]]]},"properties":{"zipCode":"94607"}},{"type":"Feature","geometry":{"type":"Polygon","coordinates":[[[-122.34028,37.80063],[-122.33516,37.79945],[-122.33214,37.79875],[-122.3198,37.79591],[-122.31468,37.79473],[-122.31247,37.79448],[-122.30531,37.79369],[-122.29478,37.79253],[-122.29388,37.79263],[-122.29268,37.79278],[-122.28638,37.79357],[-122.28428,37.79383],[-122.28268,37.79355],[-122.27788,37.79271],[-122.27773,37.79268],[-122.27628,37.79243],[-122.27595,37.79227],[-122.27496,37.7918],[-122.27464,37.79165],[-122.27454,37.79158],[-122.27427,37.79139],[-122.27418,37.79133],[-122.27314,37.79073],[-122.27302,37.79067],[-122.26954,37.78869],[-122.26838,37.78803],[-122.26596,37.78715],[-122.26429,37.78654],[-122.26087,37.78531],[-122.25934,37.78475],[-122.2587,37.78452],[-122.25788,37.78423],[-122.25668,37.78543],[-122.25558,37.78633],[-122.25478,37.78673],[-122.25384,37.78659],[-122.25058,37.78613],[-122.24618,37.78343],[-122.24561,37.78223],[-122.24498,37.78092],[-122.24485,37.7795],[-122.24484,37.77943],[-122.24483,37.77926],[-122.24482,37.77912],[-122.24488,37.77735],[-122.24439,37.777],[-122.24362,37.77644],[-122.24257,37.77569],[-122.24068,37.77433],[-122.23851,37.77295],[-122.23657,37.77173],[-122.23649,37.7717],[-122.23636,37.77163],[-122.23531,37.77114],[-122.23177,37.76947],[-122.23059,37.76892],[-122.23054,37.7689],[-122.23051,37.76889],[-122.23044,37.76886],[-122.23038,37.76884],[-122.23033,37.76882],[-122.22695,37.76668],[-122.22515,37.7644],[-122.22513,37.76436],[-122.22466,37.7624],[-122.22464,37.7623],[-122.22415,37.76024],[-122.22398,37.75953],[-122.22386,37.75644],[-122.22378,37.75443],[-122.22394,37.75415],[-122.22442,37.75331],[-122.22458,37.75303],[-122.22484,37.75236],[-122.22563,37.75036],[-122.2259,37.74969],[-122.22791,37.74948],[-122.23395,37.74883],[-122.23523,37.74869],[-122.23579,37.74863],[-122.23595,37.74857],[-122.23601,37.74857],[-122.23604,37.74857],[-122.23612,37.74856],[-122.23619,37.74855],[-122.23624,37.74855],[-122.23629,37.74855],[-122.23637,37.74856],[-122.2364,37.74855],[-122.23642,37.74856],[-122.23933,37.74866],[-122.23975,37.74868],[-122.24857,37.74899],[-122.25109,37.74908],[-122.25166,37.74909],[-122.252,37.74909],[-122.25301,37.74911],[-122.25335,37.74911],[-122.25283,37.75003],[-122.25127,37.7528],[-122.25075,37.75372],[-122.25091,37.75379],[-122.25108,37.75386],[-122.25182,37.75424],[-122.25198,37.7543],[-122.25231,37.75442],[-122.25269,37.75458],[-122.25304,37.75471],[-122.25352,37.75481],[-122.25413,37.755],[-122.25462,37.75523],[-122.25529,37.75549],[-122.25585,37.75562],[-122.25586,37.75562],[-122.25654,37.75601],[-122.25706,37.75624],[-122.25947,37.75259],[-122.26691,37.7553],[-122.28227,37.76018],[-122.29181,37.76301],[-122.30661,37.76697],[-122.32156,37.77122],[-122.32496,37.77656],[-122.32792,37.7812],[-122.32864,37.78235],[-122.32873,37.7825],[-122.32881,37.78261],[-122.32888,37.78272],[-122.32944,37.78362],[-122.32953,37.78376],[-122.32962,37.78391],[-122.33016,37.78477],[-122.33039,37.78512],[-122.33061,37.78547],[-122.33081,37.78579],[-122.33154,37.78694],[-122.33244,37.7884],[-122.33517,37.79277],[-122.33608,37.79422],[-122.33609,37.79424],[-122.33647,37.79485],[-122.33658,37.79503],[-122.33664,37.79512],[-122.34028,37.80063]]]},"properties":{"zipCode":"94501"}},{"type":"Feature","geometry":{"type":"Polygon","coordinates":[[[-122.37831,37.82891],[-122.37762,37.8305],[-122.37335,37.83232],[-122.36862,37.83116],[-122.36734,37.82929],[-122.36671,37.82837],[-122.36288,37.82267],[-122.36286,37.82257],[-122.36355,37.82088],[-122.36054,37.82013],[-122.36063,37.81981],[-122.36363,37.82055],[-122.36434,37.8187],[-122.36482,37.81848],[-122.36478,37.81842],[-122.3649,37.81835],[-122.36506,37.81851],[-122.37103,37.81597],[-122.37046,37.81454],[-122.37033,37.8142],[-122.37006,37.81378],[-122.36968,37.81337],[-122.36932,37.81303],[-122.36893,37.81278],[-122.36814,37.81253],[-122.36762,37.81238],[-122.36732,37.81233],[-122.36694,37.81237],[-122.36651,37.81251],[-122.36598,37.81275],[-122.36545,37.81304],[-122.36509,37.81328],[-122.36463,37.81378],[-122.36415,37.81401],[-122.36377,37.81406],[-122.36337,37.81407],[-122.36298,37.81416],[-122.36264,37.81414],[-122.36227,37.81416],[-122.36205,37.81427],[-122.36183,37.81442],[-122.36158,37.8145],[-122.36114,37.81456],[-122.36076,37.81468],[-122.36039,37.81472],[-122.35973,37.81486],[-122.35918,37.81503],[-122.35899,37.81485],[-122.35883,37.81448],[-122.35884,37.81421],[-122.35891,37.81406],[-122.35901,37.81399],[-122.35909,37.81383],[-122.35915,37.81362],[-122.35925,37.81349],[-122.3594,37.81338],[-122.3596,37.81335],[-122.35989,37.81327],[-122.36063,37.81285],[-122.36091,37.81267],[-122.3611,37.81243],[-122.36113,37.81216],[-122.36113,37.81177],[-122.3612,37.81136],[-122.36133,37.81107],[-122.36133,37.81078],[-122.36126,37.81042],[-122.36119,37.81011],[-122.36112,37.8095],[-122.361,37.80811],[-122.36152,37.80804],[-122.36195,37.80758],[-122.36198,37.80727],[-122.36214,37.80704],[-122.36246,37.80706],[-122.36277,37.80727],[-122.36651,37.80764],[-122.36738,37.80773],[-122.36753,37.80778],[-122.36755,37.8078],[-122.36767,37.80784],[-122.36859,37.80807],[-122.36871,37.80811],[-122.36885,37.80818],[-122.36916,37.80839],[-122.36944,37.80856],[-122.37003,37.80872],[-122.37102,37.80914],[-122.37148,37.80944],[-122.37167,37.80962],[-122.37185,37.80982],[-122.37223,37.81033],[-122.37239,37.81053],[-122.37263,37.81066],[-122.37279,37.81089],[-122.37282,37.81108],[-122.3727,37.81122],[-122.37258,37.81119],[-122.37234,37.81126],[-122.37218,37.81132],[-122.37205,37.81152],[-122.37176,37.81235],[-122.37164,37.81276],[-122.37157,37.81308],[-122.37159,37.81325],[-122.37167,37.81333],[-122.37177,37.8134],[-122.37177,37.81343],[-122.37169,37.81353],[-122.37164,37.81356],[-122.37149,37.81356],[-122.37144,37.81358],[-122.37133,37.81401],[-122.37123,37.81451],[-122.37129,37.81485],[-122.37141,37.81518],[-122.37174,37.81573],[-122.37202,37.81612],[-122.37538,37.82112],[-122.3767,37.82297],[-122.37913,37.82684],[-122.37831,37.82891]]]},"properties":{"zipCode":"94130"}}],"type":"FeatureCollection"}